,id,date,prod_00,prod_01,prod_02,prod_04,prod_09,prod_10,prod_15,prod_05,prod_06,prod_08,prod_07,prod_03,prod_11,semana
19,lam2pj3xi0da3j7f8bb,Thu Jan  5 02:03:47 2023,14,36,0,27,140,0,1689,24,22,47,0,0,267,1
0,lam2pj3wloaiqht001,Wed Jan  4 18:42:44 2023,30,27,42,47,457,111,1203,0,41,438,0,0,0,1
1,lam2pj3wewthi43f58j,Wed Jan  4 17:03:39 2023,27,0,0,34,37,0,1312,33,18,57,36,0,454,1
2,lam2pj3w3u1mexvdufm,Wed Jan  4 22:06:46 2023,0,0,0,0,83,0,1083,39,0,41,3,0,0,1
3,lam2pj3wq9prhybrxm,Thu Jan  5 04:57:10 2023,0,0,36,24,0,78,1248,40,28,215,0,0,0,1
4,lam2pj3weyn615cxbwr,Wed Jan  4 23:30:28 2023,40,47,0,0,0,155,1512,42,23,390,0,24,0,1
5,lam2pj3wri6t0cv2inr,Thu Jan  5 06:47:43 2023,0,0,0,5,196,0,1214,0,0,0,0,20,0,1
6,lam2pj3wkgxbpe9arzh,Wed Jan  4 16:25:17 2023,0,0,34,0,0,0,1524,0,0,273,0,29,0,1
7,lam2pj3wpll203cyfe8,Thu Jan  5 07:46:46 2023,0,0,27,1,259,0,1403,22,28,33,17,0,0,1
8,lam2pj3wkgchuigieg,Wed Jan  4 23:53:45 2023,0,0,0,37,139,312,1619,0,0,360,0,0,0,1
18,lam2pj3xnovv5av1yjr,Thu Jan  5 02:03:36 2023,0,0,48,0,0,77,1245,0,0,0,0,0,402,1
10,lam2pj3wksczxc5e0dr,Thu Jan  5 06:19:39 2023,0,26,39,33,120,0,1319,0,42,0,0,0,0,1
11,lam2pj3x1or2dqsyo11j,Wed Jan  4 21:28:00 2023,0,25,0,0,4,314,1554,0,0,14,0,0,21,1
12,lam2pj3xncgoe0lf00e,Wed Jan  4 20:14:42 2023,17,0,0,0,250,179,1373,0,0,148,0,0,205,1
13,lam2pj3xj1ie36cb3zi,Thu Jan  5 02:13:49 2023,0,0,8,5,0,64,1129,31,30,118,0,0,0,1
14,lam2pj3xtud0nra41id,Wed Jan  4 21:24:16 2023,36,0,0,0,37,405,1434,0,0,281,2,19,0,1
15,lam2pj3xgza41yymam5,Thu Jan  5 03:49:50 2023,0,0,0,0,207,132,1182,0,0,0,25,0,212,1
16,lam2pj3xfdg53xwz14,Wed Jan  4 20:42:28 2023,0,8,0,0,0,0,1097,21,14,127,32,15,195,1
17,lam2pj3xp830ukv3r2q,Thu Jan  5 06:12:44 2023,0,4,32,0,0,0,1531,38,0,29,40,0,0,1
9,lam2pj3wden7tusq3k,Thu Jan  5 02:59:33 2023,18,0,0,44,374,89,1086,4,40,82,0,1,0,1
5,lam2pj48ceqoapgshvg,Wed Jan 11 19:05:11 2023,0,0,35,0,0,0,1169,47,30,112,1,47,0,2
4,lam2pj486w2avon2nue,Thu Jan 12 00:27:22 2023,29,0,47,18,0,118,1192,0,16,20,0,0,0,2
3,lam2pj48sb4sqviwv5j,Thu Jan 12 01:36:31 2023,35,26,37,0,487,0,1145,0,0,557,24,44,56,2
2,lam2pj48y6nl6wswn6,Thu Jan 12 06:44:06 2023,0,0,49,0,265,0,879,0,0,0,33,29,686,2
1,lam2pj488ox3zwudeex,Thu Jan 12 01:20:03 2023,0,45,0,31,0,684,1333,0,29,22,0,0,761,2
0,lam2pj48n3ouc49x4t9,Wed Jan 11 23:57:07 2023,26,0,0,6,20,0,1445,3,0,214,2,0,0,2
1,lam2pj4myr3o7awbvbd,Wed Jan 18 18:00:38 2023,0,9,0,0,612,369,996,23,0,0,0,0,364,3
0,lam2pj4mixbsud8vqjb,Wed Jan 18 17:47:38 2023,47,0,9,0,0,0,928,0,0,363,20,0,0,3
3,lam2pj4mq4q0zqe5h5,Thu Jan 19 02:05:22 2023,0,37,0,34,556,1060,1134,0,0,813,9,33,0,3
4,lam2pj4mq7k8mjl1dx,Wed Jan 18 21:47:00 2023,39,0,0,45,806,316,1220,15,45,31,16,39,0,3
2,lam2pj4mj02q42m4vmm,Thu Jan 19 04:33:50 2023,0,25,33,34,0,321,1218,6,0,0,34,0,0,3
1,lam2pj4z0g0azt6qow69,Wed Jan 25 23:45:36 2023,46,0,6,0,681,0,1104,11,0,0,10,20,753,4
2,lam2pj4zslcefahiy7f,Thu Jan 26 02:18:29 2023,28,44,0,0,758,0,1369,13,48,489,10,32,0,4
3,lam2pj4zqnzkrk3atp,Thu Jan 26 03:11:00 2023,0,26,40,0,23,0,879,27,6,0,21,41,52,4
0,lam2pj4zb3wt5ztm7ck,Thu Jan 26 06:47:21 2023,0,0,6,39,517,22,1015,0,19,534,1,0,39,4
5,lam2pj4zp4bv20idue,Wed Jan 25 17:33:06 2023,0,0,0,9,380,0,1178,0,0,396,2,23,636,4
6,lam2pj4z68mdynlrjvk,Thu Jan 26 06:26:10 2023,0,0,0,10,129,293,1100,44,0,507,0,0,0,4
7,lam2pj4zmie5yb1oqea,Thu Jan 26 01:58:09 2023,39,24,0,0,761,0,1076,4,42,3,3,34,129,4
4,lam2pj4z84l1nqhvpf3,Thu Jan 26 06:20:58 2023,0,12,0,0,0,234,1054,0,0,0,0,27,283,4
7,lam2pj5gap8ze8y9b06,Thu Feb  2 00:08:33 2023,0,14,0,0,203,0,792,0,37,2,10,0,331,5
0,lam2pj5g1dv02fybovg,Thu Feb  2 05:46:25 2023,0,0,11,0,0,0,1166,0,0,12,13,48,43,5
1,lam2pj5gyo6hut1dkuh,Wed Feb  1 16:51:42 2023,0,0,0,36,400,260,1245,5,0,0,11,0,0,5
2,lam2pj5gogofvx9sd2r,Thu Feb  2 08:09:35 2023,0,23,0,22,48,102,775,0,7,0,41,0,0,5
3,lam2pj5gpj88lhq1mim,Thu Feb  2 04:05:17 2023,0,14,26,16,65,0,1329,0,0,36,46,0,0,5
4,lam2pj5gk4ohm8nrjco,Thu Feb  2 03:18:25 2023,0,0,0,33,158,285,1273,38,0,26,0,29,0,5
5,lam2pj5g6trngu2qqkt,Thu Feb  2 08:01:31 2023,0,37,0,0,80,0,597,0,0,134,0,0,0,5
6,lam2pj5g1znogbi8oma,Thu Feb  2 07:51:11 2023,0,40,33,35,0,215,1208,11,43,17,2,41,0,5
8,lam2pj5gquo8an19dm,Thu Feb  2 00:03:18 2023,32,0,35,46,202,460,624,48,0,0,6,21,0,5
18,lam2pj5gm3c07lwf4xa,Wed Feb  1 16:41:49 2023,0,0,0,48,36,22,1009,0,4,29,17,25,309,5
10,lam2pj5goqueeoc7oh,Thu Feb  2 08:37:32 2023,0,48,0,0,269,0,762,0,0,0,0,0,404,5
9,lam2pj5g2ylhcngdffp,Wed Feb  1 17:29:19 2023,0,0,49,32,32,415,845,0,0,22,0,40,1,5
17,lam2pj5gk03aq7xu06,Wed Feb  1 21:35:35 2023,0,0,0,11,13,219,1286,31,30,374,0,0,0,5
16,lam2pj5gh109hxw0n4s,Wed Feb  1 19:31:39 2023,21,0,14,43,0,326,763,10,36,0,16,29,135,5
15,lam2pj5g1vgjfv74p3i,Wed Feb  1 20:48:34 2023,15,22,16,0,0,0,1226,0,0,422,26,0,181,5
19,lam2pj5go0nb1nv41x,Thu Feb  2 02:46:14 2023,0,14,0,39,0,193,1157,0,0,61,21,0,175,5
13,lam2pj5gtcnw7aghdic,Wed Feb  1 18:26:51 2023,0,0,4,0,0,274,1195,0,14,229,0,47,16,5
12,lam2pj5gx9qkkobtyxs,Thu Feb  2 04:17:24 2023,0,13,40,0,33,0,1021,46,0,41,49,0,346,5
11,lam2pj5gjkj1uv0y51c,Thu Feb  2 02:24:45 2023,0,0,44,0,4,381,876,15,0,257,46,40,135,5
14,lam2pj5gp3912hgdezf,Wed Feb  1 17:55:55 2023,0,9,0,13,241,0,1305,0,39,35,39,36,231,5
8,lam2pj5u01367rxxr7c5,Wed Feb  8 23:44:33 2023,0,0,0,0,106,0,534,16,43,615,42,38,0,6
0,lam2pj5u09d2id3ejqs3,Thu Feb  9 07:29:41 2023,0,4,0,46,0,542,770,20,26,10,46,7,0,6
1,lam2pj5u9ozhi731m2e,Wed Feb  8 23:27:35 2023,20,24,0,9,501,118,551,37,42,266,31,36,225,6
2,lam2pj5uahe2o3hqrbl,Thu Feb  9 00:55:05 2023,10,0,20,0,755,0,910,0,0,357,0,0,773,6
3,lam2pj5u0x50icpgvzp,Thu Feb  9 05:47:58 2023,30,47,30,8,11,127,497,19,28,0,27,19,146,6
4,lam2pj5ukz50bh4xebg,Thu Feb  9 01:53:34 2023,0,0,15,37,5,113,1027,0,12,96,0,23,561,6
5,lam2pj5ugi0d46x2awp,Thu Feb  9 00:41:04 2023,14,17,0,23,689,0,765,0,29,0,4,24,692,6
6,lam2pj5u7zxnxkm8nn3,Thu Feb  9 05:35:59 2023,0,0,0,9,30,778,1229,0,0,4,47,19,0,6
7,lam2pj5un2p7yinkn5k,Thu Feb  9 04:57:13 2023,27,0,0,44,383,0,1052,0,0,317,37,16,547,6
9,lam2pj5u9sn6fhs7vdr,Thu Feb  9 03:45:32 2023,42,12,10,29,575,142,614,6,7,101,30,0,0,6
15,lam2pj5ufg0ni4ttzw4,Wed Feb  8 16:51:21 2023,35,0,3,48,24,0,603,0,0,172,25,0,0,6
11,lam2pj5uu3jg08d1wmm,Thu Feb  9 03:27:53 2023,12,0,14,0,458,0,579,0,1,0,13,0,511,6
12,lam2pj5uqg0iyx5sudm,Wed Feb  8 18:58:22 2023,22,0,22,28,3,267,497,0,19,7,12,38,444,6
13,lam2pj5uf83wipjlw8v,Wed Feb  8 17:08:39 2023,0,0,46,0,739,0,561,0,38,2,0,0,0,6
14,lam2pj5ulkp37ff0u1,Thu Feb  9 05:02:43 2023,20,0,0,41,592,208,821,0,7,134,0,0,0,6
20,lam2pj5uydmv06uiw8,Wed Feb  8 16:27:48 2023,3,0,27,30,636,434,861,9,28,9,0,0,709,6
16,lam2pj5ubb273gckqaq,Wed Feb  8 23:32:21 2023,47,0,0,26,677,487,969,42,7,170,0,0,0,6
17,lam2pj5ut0g4p6e5oh,Wed Feb  8 19:27:54 2023,15,46,14,8,26,0,902,5,0,0,0,25,0,6
18,lam2pj5ud0qlhrdnbei,Wed Feb  8 20:29:01 2023,0,0,0,9,740,0,1152,0,29,670,0,0,16,6
19,lam2pj5ugt9q7fil53e,Thu Feb  9 06:39:15 2023,1,29,42,40,0,737,1234,41,22,344,29,32,691,6
10,lam2pj5u9dwfictjugu,Wed Feb  8 20:41:06 2023,28,0,9,0,432,0,1183,0,0,17,35,0,0,6
0,lam2pj65nw0n75xbwc8,Wed Feb 15 21:35:48 2023,0,0,0,0,803,0,534,9,0,305,0,23,704,7
1,lam2pj650k6e0wbf7tx9,Wed Feb 15 22:38:25 2023,37,33,32,15,48,0,554,36,41,996,7,0,0,7
2,lam2pj65bf8lauy3ez,Wed Feb 15 20:00:50 2023,13,0,0,0,0,455,1277,49,0,903,6,20,384,7
3,lam2pj6571s18p9jusu,Wed Feb 15 17:04:41 2023,0,44,0,22,0,0,964,46,0,0,0,0,0,7
4,lam2pj65qir9an5nwrg,Thu Feb 16 02:39:09 2023,0,48,14,0,813,0,903,7,42,300,0,0,835,7
7,lam2pj65g6b3towpo2p,Wed Feb 15 21:49:30 2023,0,0,44,36,482,692,989,37,0,881,0,0,939,7
6,lam2pj658awfumk723j,Thu Feb 16 07:07:53 2023,0,0,0,30,0,0,976,18,24,34,21,19,437,7
8,lam2pj658sawv2wts8y,Wed Feb 15 19:16:03 2023,0,0,0,0,0,0,712,29,24,0,42,25,0,7
9,lam2pj65fbw7nio8foc,Wed Feb 15 19:30:53 2023,0,3,36,0,23,0,868,34,21,19,13,12,817,7
10,lam2pj65cku1sac8nr8,Wed Feb 15 18:12:46 2023,0,0,9,0,401,460,1164,5,0,0,0,0,596,7
11,lam2pj65ung56vq4y0a,Wed Feb 15 21:56:57 2023,14,0,21,0,1032,0,836,0,0,938,0,12,397,7
5,lam2pj65b9dysjvvola,Thu Feb 16 02:07:00 2023,0,35,26,0,26,1032,851,0,49,411,0,0,698,7
4,lam2pj6ep4h73dd09y,Wed Feb 22 20:39:09 2023,0,0,0,0,8,0,871,0,0,17,0,0,0,8
0,lam2pj6eb3sy032k8br,Wed Feb 22 19:07:11 2023,41,47,0,0,573,0,711,0,0,29,0,0,0,8
1,lam2pj6e01xus1b2inic,Wed Feb 22 21:02:34 2023,0,18,2,0,7,0,562,0,16,626,17,45,0,8
2,lam2pj6e7w955rzk2sm,Thu Feb 23 04:18:42 2023,27,10,21,0,198,0,864,19,28,2,8,9,0,8
3,lam2pj6eefkhuvz2ybp,Wed Feb 22 20:51:44 2023,0,39,13,0,5,0,848,10,11,21,0,8,0,8
5,lam2pj6ehlldhu8o7xv,Wed Feb 22 18:12:47 2023,0,24,33,0,773,0,609,0,13,16,2,14,0,8
11,lam2pj6ecgrpzyncdzt,Wed Feb 22 19:06:01 2023,45,0,0,13,0,0,765,0,0,721,0,1,708,8
7,lam2pj6eic1km0lpksd,Thu Feb 23 01:10:27 2023,18,0,0,5,0,727,836,0,0,107,6,0,0,8
8,lam2pj6e3qzmowrhkms,Thu Feb 23 06:12:40 2023,49,18,0,0,645,0,875,0,0,0,0,9,33,8
9,lam2pj6e30z6k9fuof,Wed Feb 22 17:56:25 2023,0,0,0,11,403,0,670,0,45,0,24,28,0,8
10,lam2pj6eh2kvy1otllc,Thu Feb 23 01:10:41 2023,30,46,0,0,434,705,620,2,0,214,0,0,0,8
12,lam2pj6eycwls9x21x,Thu Feb 23 04:07:03 2023,0,0,0,0,436,147,1288,0,48,0,0,49,0,8
6,lam2pj6erfl54rvovnd,Wed Feb 22 20:31:59 2023,42,0,0,0,566,0,525,47,23,0,0,0,551,8
8,lam2pj6o5dw5sl4n26k,Wed Mar  1 17:24:11 2023,0,0,0,0,394,0,1298,0,15,9,0,0,0,9
7,lam2pj6o3k3xavp3zpb,Thu Mar  2 04:14:12 2023,0,49,14,37,17,158,993,23,3,19,38,4,0,9
6,lam2pj6o6r4ezu0ntty,Thu Mar  2 04:39:42 2023,40,49,0,0,16,24,1228,3,17,218,44,47,448,9
5,lam2pj6oyqnf3ed93kj,Thu Mar  2 05:13:17 2023,0,42,22,3,8,446,963,0,0,23,48,0,207,9
2,lam2pj6okka9a4kb8mb,Thu Mar  2 07:47:28 2023,40,9,0,0,244,0,1167,29,2,0,16,21,0,9
3,lam2pj6o19khftiueg4,Thu Mar  2 06:11:08 2023,0,0,0,21,26,103,1045,0,31,290,12,0,0,9
1,lam2pj6oq3w0tu4l5yg,Wed Mar  1 16:47:12 2023,0,39,0,0,0,0,926,0,40,44,9,41,77,9
0,lam2pj6o274prgy3uyd,Wed Mar  1 19:36:27 2023,0,42,49,0,130,199,564,0,9,403,19,0,0,9
10,lam2pj6obx3k77gfqve,Wed Mar  1 17:50:10 2023,31,13,31,49,213,0,1090,0,0,466,6,0,141,9
4,lam2pj6ouyflr1w0vcj,Thu Mar  2 07:05:48 2023,0,0,39,32,0,0,730,34,0,0,0,0,0,9
11,lam2pj6oivl6zcoysxo,Wed Mar  1 23:35:26 2023,47,0,3,2,49,0,670,0,0,11,0,0,0,9
9,lam2pj6o42wkxua0yko,Wed Mar  1 17:17:04 2023,28,0,0,25,68,0,876,3,0,0,0,37,373,9
13,lam2pj6oi8bj8wjm4ad,Wed Mar  1 23:01:59 2023,0,0,0,0,177,52,769,40,0,0,0,0,0,9
12,lam2pj6okhtuox69sre,Wed Mar  1 20:44:37 2023,41,0,0,0,258,0,1202,0,0,0,0,0,0,9
23,lam2pj6pz8q5towjzpe,Wed Mar  1 17:42:52 2023,0,0,0,0,67,0,596,36,8,10,0,42,0,9
22,lam2pj6pse1buvfss8p,Wed Mar  1 19:57:26 2023,41,0,32,0,440,274,1258,0,0,151,37,0,210,9
21,lam2pj6pqnpacdqugpf,Wed Mar  1 16:58:00 2023,6,23,31,0,0,280,734,11,0,15,0,0,474,9
19,lam2pj6preez267tn3b,Wed Mar  1 21:20:18 2023,0,11,43,31,0,0,644,13,10,38,33,0,390,9
20,lam2pj6p4jrp0g557ga,Thu Mar  2 03:08:44 2023,14,18,11,34,63,396,1234,0,1,479,0,34,0,9
17,lam2pj6oh29jsjxlevo,Thu Mar  2 00:41:28 2023,0,25,30,0,0,115,677,0,0,57,0,0,133,9
16,lam2pj6o4btt1ebkxwg,Thu Mar  2 06:45:05 2023,27,30,7,41,14,0,957,42,0,163,0,10,0,9
15,lam2pj6ojxi7nl603vr,Thu Mar  2 05:06:05 2023,0,48,0,14,220,0,1078,15,0,17,38,35,46,9
24,lam2pj6p5wsi2hfb73l,Thu Mar  2 05:14:25 2023,34,0,8,13,0,0,979,37,20,0,42,0,82,9
14,lam2pj6o803h3iw84ob,Thu Mar  2 06:31:49 2023,0,0,0,43,339,0,1140,6,36,214,17,48,410,9
18,lam2pj6puyhs0yil2v,Wed Mar  1 17:30:06 2023,21,26,0,40,192,0,569,39,28,307,34,22,0,9
2,lam2pj6yseusygeznsm,Thu Mar  9 07:41:43 2023,18,34,40,7,634,0,1154,0,28,0,24,0,0,10
0,lam2pj6xlxnjjbobjo,Wed Mar  8 22:33:02 2023,3,0,0,15,13,526,1025,0,0,0,24,40,0,10
1,lam2pj6ymw5dd7n9wlp,Thu Mar  9 05:55:09 2023,0,14,20,0,807,686,727,0,0,310,3,34,246,10
3,lam2pj6yfzqybiuflcu,Thu Mar  9 00:49:20 2023,35,41,44,0,5,0,824,23,49,12,31,21,0,10
6,lam2pj6ynaeet5yipa,Thu Mar  9 04:10:09 2023,21,34,0,3,298,563,1199,0,0,42,12,0,0,10
5,lam2pj6ywh7cnkkuxwj,Wed Mar  8 17:53:05 2023,0,0,0,18,36,0,1336,0,5,0,27,0,0,10
7,lam2pj6ynauu772hhqg,Thu Mar  9 06:38:43 2023,11,0,0,0,649,80,862,21,0,34,14,0,485,10
8,lam2pj6y8rqxn0irwjs,Thu Mar  9 04:02:13 2023,24,0,0,0,481,0,1103,45,46,623,0,17,611,10
4,lam2pj6yaybxvydnb8j,Thu Mar  9 01:07:38 2023,19,0,0,5,0,0,883,0,37,586,0,12,571,10
5,lam2pj7au80nhnils,Thu Mar 16 00:29:41 2023,0,0,0,0,0,0,1013,36,0,763,48,36,904,11
0,lam2pj7abmpsqlhr8us,Wed Mar 15 20:17:22 2023,0,42,10,34,0,837,1046,9,32,0,0,23,670,11
1,lam2pj7aeb205rd3aia,Wed Mar 15 22:38:08 2023,38,0,0,38,378,0,1409,9,0,801,0,12,323,11
2,lam2pj7ao39ltqv0d9e,Wed Mar 15 17:30:44 2023,36,43,46,0,0,0,1194,0,0,564,44,0,0,11
3,lam2pj7aewtq9ahic48,Thu Mar 16 06:03:36 2023,0,0,1,10,0,0,915,24,43,985,44,0,0,11
4,lam2pj7a3wq38pijlxs,Wed Mar 15 18:06:45 2023,35,0,2,15,0,739,1244,0,0,1031,0,0,1072,11
6,lam2pj7axu6027f37q,Wed Mar 15 17:43:38 2023,0,18,34,0,0,0,889,2,11,439,37,0,0,11
7,lam2pj7agghqln6rbi8,Thu Mar 16 01:16:07 2023,0,0,32,23,25,0,1401,41,6,0,3,0,0,11
8,lam2pj7asnsjfsw2fd,Wed Mar 15 21:06:40 2023,47,0,0,0,0,588,959,9,39,1069,0,44,379,11
9,lam2pj7aqhsz4m0886,Wed Mar 15 23:32:45 2023,0,0,33,0,0,0,765,6,43,601,0,28,0,11
10,lam2pj7amk2m1uy922o,Thu Mar 16 07:16:29 2023,0,29,0,0,19,421,1512,0,0,0,0,12,0,11
11,lam2pj7aw6iuz2c961a,Wed Mar 15 22:48:38 2023,39,32,38,0,47,0,1287,15,27,0,0,46,0,11
12,lam2pj7abzuo40qogbv,Wed Mar 15 22:41:33 2023,0,0,8,0,0,619,791,29,0,0,13,33,0,11
13,lam2pj7a3ic6kbywsvn,Wed Mar 15 21:13:43 2023,0,0,26,25,23,0,855,21,0,899,35,0,0,11
14,lam2pj7abjrod3nsqqj,Wed Mar 15 21:07:49 2023,41,0,8,0,929,0,1293,26,36,433,0,0,606,11
15,lam2pj7a9ut65q0jzf6,Wed Mar 15 18:54:48 2023,3,33,44,5,0,0,1386,16,14,916,25,0,0,11
0,lam2pj7lhaiq0s0pg7,Thu Mar 23 01:02:14 2023,0,0,20,35,661,490,1119,0,1,402,12,29,5,12
1,lam2pj7lfg5roh68kjl,Wed Mar 22 16:38:19 2023,15,0,0,29,579,0,927,0,47,747,0,48,0,12
2,lam2pj7l4a9ax4q877n,Wed Mar 22 16:21:11 2023,0,0,29,12,39,501,1575,29,28,15,0,0,0,12
3,lam2pj7lakqv4i0q5lt,Thu Mar 23 01:04:09 2023,7,0,0,40,65,295,1597,0,23,22,43,0,279,12
5,lam2pj7lp8de32n1z4,Thu Mar 23 08:49:57 2023,0,0,39,0,604,378,1066,0,0,639,22,47,104,12
4,lam2pj7ln6rd79yu3gm,Thu Mar 23 01:57:33 2023,37,38,45,0,0,0,1447,7,0,564,25,0,0,12
7,lam2pj7m8vtfucf46d,Wed Mar 22 20:17:16 2023,27,0,0,0,4,641,970,43,0,11,47,7,789,12
8,lam2pj7mgpuvnmpqvdq,Thu Mar 23 01:08:43 2023,48,0,2,0,0,0,887,0,49,0,0,16,29,12
9,lam2pj7m19ekwzpf4iz,Thu Mar 23 05:19:40 2023,0,36,14,0,21,0,1078,14,0,581,48,0,0,12
10,lam2pj7mj8oe0e9qel,Thu Mar 23 08:08:13 2023,45,0,0,32,82,0,1420,10,26,642,0,0,0,12
11,lam2pj7mryg6i2tsn8,Wed Mar 22 22:52:38 2023,0,11,46,6,0,141,1481,0,0,0,38,21,0,12
6,lam2pj7lt0iua3zy6d,Wed Mar 22 21:24:29 2023,0,13,0,46,14,0,1086,0,3,7,11,16,449,12
8,lam2pj7vmolf7cbacf,Thu Mar 30 04:26:03 2023,35,14,45,5,496,0,1613,0,5,0,16,5,483,13
0,lam2pj7vt9robjif6mo,Thu Mar 30 04:35:25 2023,23,11,0,0,0,0,1533,0,0,27,0,0,147,13
1,lam2pj7vpunq3ee52nf,Thu Mar 30 03:13:22 2023,0,0,0,8,11,361,1424,21,17,57,36,31,297,13
2,lam2pj7v7i3m12ay2h,Thu Mar 30 03:45:23 2023,12,27,25,0,245,0,1300,0,0,114,46,0,389,13
3,lam2pj7vkwnfcul3r2,Thu Mar 30 05:15:31 2023,44,0,45,0,0,0,1139,33,0,18,31,0,439,13
4,lam2pj7vhuoi59szvew,Thu Mar 30 02:02:44 2023,0,0,33,19,1,121,1710,0,0,38,49,2,453,13
5,lam2pj7vy49h9yt5qod,Thu Mar 30 04:44:38 2023,0,0,0,0,19,0,1122,0,46,89,0,14,0,13
6,lam2pj7va1m8iq46er7,Wed Mar 29 21:53:48 2023,0,0,0,17,0,0,1154,11,6,0,0,0,0,13
7,lam2pj7vbrwvruecjns,Wed Mar 29 17:34:38 2023,0,0,47,0,0,0,1695,36,44,487,0,15,412,13
9,lam2pj7wnendrwgk5n,Wed Mar 29 23:56:38 2023,0,1,11,0,192,474,1540,0,0,10,8,37,158,13
15,lam2pj7wdykh9usoiiv,Wed Mar 29 23:45:06 2023,0,21,0,0,45,0,1095,0,49,140,27,45,0,13
11,lam2pj7wqmkwqsscfs,Thu Mar 30 01:49:45 2023,0,0,0,9,0,59,1645,13,41,121,4,0,0,13
12,lam2pj7wq3luaqwp8qf,Wed Mar 29 16:25:20 2023,0,0,0,0,231,225,1587,16,0,342,4,37,87,13
13,lam2pj7w8bjie21un2b,Thu Mar 30 00:15:56 2023,24,11,31,0,0,112,1426,48,18,204,0,4,55,13
14,lam2pj7widnk4hpeh4d,Wed Mar 29 18:57:36 2023,0,0,0,9,268,277,1526,27,0,174,0,40,245,13
16,lam2pj7w5lp8rxviama,Thu Mar 30 04:20:37 2023,0,46,43,41,191,0,1803,0,25,0,40,36,134,13
17,lam2pj7wunf7z3nsrhn,Wed Mar 29 19:58:18 2023,19,8,0,49,67,0,1081,0,18,50,0,0,0,13
18,lam2pj7w43gr1l826bv,Wed Mar 29 21:31:38 2023,0,45,26,6,112,0,1520,36,25,0,0,37,440,13
19,lam2pj7w649vpyd1eha,Wed Mar 29 20:53:23 2023,29,46,28,44,4,0,1578,0,0,0,17,0,144,13
20,lam2pj7wmmo3f4qrqy,Thu Mar 30 00:39:38 2023,0,40,37,0,11,0,1679,0,2,70,0,49,0,13
21,lam2pj7wfdu3bmpf8b,Wed Mar 29 22:58:19 2023,24,0,0,0,103,425,1265,47,0,164,25,0,0,13
10,lam2pj7wom1k2vudzim,Thu Mar 30 04:53:26 2023,0,25,46,0,308,0,1489,0,27,43,40,0,0,13
0,lam2pj88l5z6rznqelk,Wed Apr  5 18:06:06 2023,28,0,0,0,169,603,1761,0,19,3,0,47,0,14
1,lam2pj88z3gnlqpv0tb,Thu Apr  6 06:08:55 2023,0,9,0,0,0,0,1407,3,0,30,3,46,441,14
2,lam2pj88w73er09lrjj,Wed Apr  5 18:53:03 2023,49,0,3,21,0,362,1448,43,33,660,17,28,0,14
6,lam2pj88zuo32mqdft,Wed Apr  5 17:31:30 2023,0,3,0,0,70,0,1419,0,13,49,45,0,0,14
4,lam2pj885c1q1br7r8g,Thu Apr  6 00:38:43 2023,45,14,0,0,26,0,1692,45,0,805,11,0,0,14
5,lam2pj88j6ak8pibsem,Wed Apr  5 23:15:00 2023,0,0,0,22,395,0,1412,47,30,0,0,44,0,14
7,lam2pj889lwvypfrf7,Thu Apr  6 05:37:02 2023,15,0,32,26,0,0,1223,0,0,26,0,4,252,14
3,lam2pj887ngkhszzvev,Thu Apr  6 03:45:29 2023,44,0,35,11,0,0,1819,2,0,250,0,35,151,14
0,lam2pj8hgw15wv05ydu,Wed Apr 12 20:07:28 2023,29,0,12,25,25,461,1722,19,0,529,44,0,519,15
1,lam2pj8hn6xv7r2aok,Thu Apr 13 04:23:22 2023,0,0,7,0,1021,0,1289,0,42,536,0,8,646,15
2,lam2pj8hdb2gyetvs1m,Thu Apr 13 04:33:21 2023,4,43,3,0,995,816,1630,13,0,6,0,0,312,15
3,lam2pj8h7ykk3mh89l,Thu Apr 13 03:22:18 2023,0,0,30,0,23,315,1442,7,0,14,0,18,0,15
5,lam2pj8ha0i9j5cy54m,Wed Apr 12 18:23:36 2023,0,36,0,0,0,0,1745,42,0,0,19,12,755,15
4,lam2pj8hsn7jufp1xb,Wed Apr 12 20:53:22 2023,35,0,0,43,0,615,1865,0,20,648,3,5,0,15
7,lam2pj8h9c8koroao2i,Thu Apr 13 06:09:26 2023,14,0,0,0,337,900,1885,2,14,364,0,0,1054,15
8,lam2pj8hbkt2vuqcuyo,Thu Apr 13 02:02:58 2023,18,0,0,22,15,930,1859,0,47,0,0,0,0,15
9,lam2pj8hz0xikfe34mp,Wed Apr 12 21:17:57 2023,6,48,0,0,835,0,1897,0,0,572,0,5,0,15
10,lam2pj8ho50ha04gat,Thu Apr 13 07:30:06 2023,0,0,42,0,443,354,1705,0,11,808,0,48,0,15
11,lam2pj8hlhktl528oe,Thu Apr 13 04:50:45 2023,6,4,10,4,0,0,1415,0,0,614,21,0,513,15
6,lam2pj8hz3kood35o6s,Wed Apr 12 23:52:28 2023,0,1,0,0,473,1037,1780,0,32,2,30,17,0,15
0,lam2pj8qdmb3srstlx,Thu Apr 20 02:50:32 2023,22,30,0,0,462,366,1453,0,2,267,38,20,0,16
1,lam2pj8qowdhciah3,Thu Apr 20 04:30:46 2023,0,41,0,0,483,414,1660,0,0,26,46,29,262,16
2,lam2pj8qqlaqugx6tlf,Thu Apr 20 01:32:56 2023,35,23,0,27,558,7,1868,0,43,1,1,22,0,16
4,lam2pj8qtqe5reaw1yf,Thu Apr 20 04:46:42 2023,4,37,0,34,572,0,1604,19,29,0,20,10,26,16
3,lam2pj8qe04bgci4y8q,Thu Apr 20 03:27:24 2023,22,16,0,0,0,6,2085,17,40,7,0,29,300,16
6,lam2pj8qj9kyi1vail9,Wed Apr 19 23:03:15 2023,37,0,0,35,0,0,1459,3,0,3,6,0,95,16
7,lam2pj8q6vglufuveul,Thu Apr 20 04:55:39 2023,0,0,0,0,0,0,1979,0,13,631,48,0,549,16
8,lam2pj8qk4dg0nygik,Thu Apr 20 08:40:33 2023,0,0,0,23,742,732,1554,0,0,0,8,0,543,16
9,lam2pj8qslsf7wn5sb8,Thu Apr 20 07:49:16 2023,0,0,0,13,0,0,1638,36,21,0,0,20,0,16
10,lam2pj8q8vkqu783fvn,Wed Apr 19 18:01:30 2023,24,37,0,0,0,0,1597,0,1,113,0,0,790,16
5,lam2pj8q5wq2m9yw7ks,Thu Apr 20 03:44:07 2023,33,0,0,24,452,0,1629,40,0,45,0,0,0,16
0,lam2pj90twel8xofg8,Wed Apr 26 22:22:08 2023,26,0,0,0,0,0,2053,47,0,299,26,44,0,17
1,lam2pj90c0ecsdwo2b,Thu Apr 27 05:33:30 2023,9,0,0,0,412,154,1672,8,0,390,0,0,0,17
2,lam2pj90rdpqmp7i7x,Thu Apr 27 02:54:12 2023,37,0,48,24,57,0,1539,0,0,325,33,0,0,17
3,lam2pj90vpvvm3fzjrp,Wed Apr 26 17:50:02 2023,29,0,0,0,254,0,1580,0,45,0,0,7,0,17
4,lam2pj90xiet3tfmeg,Wed Apr 26 20:21:09 2023,0,27,1,2,5,0,2067,26,49,2,0,0,0,17
5,lam2pj90drki5cqm85q,Wed Apr 26 20:00:13 2023,29,0,0,38,13,0,1924,9,0,6,0,0,0,17
6,lam2pj90uh8fu0tub0h,Wed Apr 26 18:40:20 2023,0,32,12,36,0,34,1793,9,25,29,46,0,0,17
7,lam2pj90zs76euzof7b,Thu Apr 27 06:10:01 2023,29,0,0,0,255,0,2125,35,2,25,0,27,0,17
8,lam2pj90bzs4hy4vod7,Wed Apr 26 17:43:32 2023,48,31,46,0,323,0,2234,46,0,5,0,16,296,17
11,lam2pj904tcbnwldjm7,Wed Apr 26 17:32:04 2023,0,13,0,0,45,0,1489,20,0,0,0,9,0,17
10,lam2pj903umy39lgj3w,Wed Apr 26 21:01:37 2023,0,40,33,0,164,0,1515,2,0,221,0,44,281,17
9,lam2pj90g8px46amn9,Thu Apr 27 03:23:21 2023,35,0,0,33,271,0,2096,18,2,90,36,0,0,17
18,lam2pj90roi1tbylu8q,Wed Apr 26 23:40:26 2023,31,43,8,21,261,0,1527,49,22,0,0,21,200,17
17,lam2pj90dhqb8sqt8hl,Thu Apr 27 02:42:56 2023,0,0,10,12,34,0,1565,12,0,107,0,0,0,17
16,lam2pj90l7xcyksvozl,Thu Apr 27 00:52:24 2023,37,0,0,38,80,40,1638,18,19,68,0,0,207,17
14,lam2pj90ty7gv04xhl,Thu Apr 27 03:37:07 2023,20,0,49,0,0,143,1494,0,12,0,0,0,385,17
13,lam2pj90n8zp1lfmdui,Wed Apr 26 20:06:45 2023,25,0,0,43,150,0,1613,0,40,24,11,37,0,17
12,lam2pj90rf1c7m8zheh,Thu Apr 27 00:41:05 2023,10,0,0,14,363,120,1685,0,8,462,0,0,214,17
15,lam2pj90q9bvyljlk6l,Thu Apr 27 01:30:44 2023,38,0,5,47,259,426,1882,0,0,22,0,49,0,17
0,lam2pj99ggp66b0fat6,Wed May  3 17:54:17 2023,0,0,49,45,0,0,1975,24,0,21,20,31,0,18
1,lam2pj998094sr8pt0o,Wed May  3 16:47:40 2023,20,12,0,5,758,250,1542,0,31,8,44,23,0,18
2,lam2pj99uzuy9jjymhc,Wed May  3 19:59:29 2023,0,3,15,0,45,0,2104,36,45,265,32,0,143,18
3,lam2pj997xmp7woyac,Thu May  4 05:30:55 2023,0,0,0,41,0,0,1958,3,0,281,0,0,802,18
5,lam2pj99rtxmov1a42d,Wed May  3 20:37:38 2023,0,24,0,13,709,0,1961,17,34,0,40,6,0,18
6,lam2pj99pe1m8n92nz,Thu May  4 01:12:35 2023,0,0,0,17,674,0,1891,0,0,35,0,0,96,18
7,lam2pj991h7763fx2ym,Thu May  4 07:51:35 2023,0,0,23,18,772,706,1827,0,47,15,0,17,0,18
8,lam2pj99gl8l3xogbqn,Thu May  4 02:53:54 2023,0,0,41,30,0,0,1824,0,0,0,0,21,0,18
9,lam2pj99pknhre0rfr,Thu May  4 06:07:59 2023,13,0,40,0,464,0,1905,14,0,0,46,20,634,18
10,lam2pj99gxs0ahcrdcf,Wed May  3 23:09:31 2023,0,0,0,23,0,0,1747,0,0,0,32,0,539,18
11,lam2pj99zaecjwvzc6n,Wed May  3 22:43:01 2023,0,0,7,0,28,394,1921,48,0,44,0,0,550,18
4,lam2pj996l90lm8y25g,Wed May  3 20:18:42 2023,18,16,4,36,28,0,1785,0,0,140,1,11,645,18
13,lam2pj9906z11grsq8g9,Thu May  4 03:05:01 2023,0,0,20,0,161,633,2324,27,0,41,0,35,206,18
14,lam2pj9919myqda1hk3,Wed May  3 20:44:54 2023,47,8,0,20,19,450,1806,0,0,226,25,48,449,18
15,lam2pj997vnjjynseg2,Thu May  4 08:51:00 2023,0,0,26,18,0,392,1872,0,0,7,0,16,795,18
16,lam2pj99zt8c5fh9vh,Thu May  4 04:10:22 2023,0,30,0,23,45,427,1817,0,0,86,30,0,0,18
17,lam2pj99v9iu3n0hl18,Thu May  4 07:40:08 2023,0,0,14,48,0,0,1547,48,6,802,0,0,0,18
18,lam2pj9aivhy13l0jic,Thu May  4 07:10:13 2023,0,48,5,44,99,0,2216,0,0,4,45,0,248,18
19,lam2pj9apah1c533red,Thu May  4 04:11:38 2023,0,0,47,37,729,0,1870,0,34,570,43,0,0,18
24,lam2pj9awp94l7go5nd,Wed May  3 20:57:10 2023,34,0,0,0,0,0,1803,36,0,37,6,28,0,18
20,lam2pj9aontoskxr18,Thu May  4 02:26:56 2023,0,10,24,0,0,0,1629,47,0,757,0,32,0,18
21,lam2pj9a3cbwulf9cz9,Thu May  4 05:12:47 2023,15,0,0,27,48,0,2122,0,0,0,0,9,776,18
22,lam2pj9avgbfg9f4ln,Thu May  4 05:09:05 2023,0,28,19,0,46,791,2139,19,0,300,0,0,0,18
23,lam2pj9a9jzd1hc76ls,Thu May  4 01:18:19 2023,0,0,11,0,43,0,1548,0,43,188,21,8,0,18
12,lam2pj99ckoompqdzj8,Thu May  4 03:07:00 2023,0,0,47,0,717,678,2148,12,0,0,12,43,224,18
0,lam2pj9mic96e5f5xao,Wed May 10 20:39:25 2023,0,40,46,22,29,979,2346,0,6,339,30,32,0,19
1,lam2pj9m8h9dcp6mkjv,Thu May 11 00:10:18 2023,0,31,4,0,1059,0,2329,0,0,593,0,16,0,19
3,lam2pj9mtohlt7v0pca,Thu May 11 02:44:36 2023,0,0,21,27,934,0,1732,44,0,0,16,0,884,19
4,lam2pj9mbt0797r97n9,Wed May 10 20:23:24 2023,9,0,0,15,12,0,1808,10,10,573,20,48,0,19
2,lam2pj9mg915ul2lwkn,Wed May 10 17:52:33 2023,0,39,0,4,1079,1007,1817,14,18,809,8,30,0,19
8,lam2pj9w9j5lhdzlge,Wed May 17 23:37:46 2023,29,44,38,0,30,0,1844,0,45,0,2,15,0,20
7,lam2pj9wdrbtlplo94,Wed May 17 20:40:45 2023,0,0,0,0,182,364,1734,0,29,676,47,25,709,20
6,lam2pj9wrjm3czj7gvq,Thu May 18 01:29:34 2023,14,47,0,20,28,277,1724,48,0,344,40,18,349,20
5,lam2pj9wxe8iklgzqx,Thu May 18 02:16:36 2023,0,0,20,1,0,0,1784,0,0,782,0,20,0,20
4,lam2pj9wfxarktjxqnr,Thu May 18 04:13:55 2023,17,18,0,16,89,204,2073,20,36,0,0,0,0,20
3,lam2pj9wswsv2fvzldk,Wed May 17 19:22:36 2023,0,0,0,0,19,57,1805,48,0,22,15,0,0,20
2,lam2pj9wrhaoajme3q,Wed May 17 21:33:45 2023,0,2,43,22,473,594,2193,0,0,0,0,22,96,20
1,lam2pj9wvxdopl856e,Thu May 18 05:13:45 2023,14,1,0,0,266,0,2005,33,10,0,0,22,268,20
0,lam2pj9wokpujrj1loj,Wed May 17 17:40:09 2023,25,0,11,0,800,0,1891,0,47,47,48,45,453,20
6,lam2pja7ahyv9aqnizr,Thu May 25 06:18:44 2023,0,0,32,17,0,0,1943,0,0,13,0,13,17,21
8,lam2pja79dsw9mbntq,Wed May 24 20:07:11 2023,23,0,0,0,235,6,1670,17,37,265,0,0,58,21
7,lam2pja7j27fpf0dgq,Wed May 24 23:32:26 2023,46,3,8,27,96,0,1671,45,2,49,0,21,463,21
5,lam2pja7jp8x3b48rmh,Wed May 24 21:08:08 2023,0,25,5,0,444,118,1896,42,33,44,39,0,0,21
11,lam2pja7t678q4tgzw,Thu May 25 04:44:09 2023,23,0,8,0,147,28,1831,0,0,51,0,0,484,21
3,lam2pja70dwuz4yu8qus,Thu May 25 07:39:37 2023,0,0,44,0,0,112,1789,0,0,225,47,0,0,21
2,lam2pja724t5qr9vzrz,Wed May 24 22:25:14 2023,0,30,32,0,16,0,2192,0,0,63,0,0,357,21
1,lam2pja7rnmy24vevt,Thu May 25 08:13:24 2023,35,23,13,0,6,0,2063,0,0,0,0,0,210,21
0,lam2pja7lw9h6hwxhrd,Wed May 24 17:03:36 2023,46,0,0,16,0,255,1627,0,31,141,0,18,7,21
9,lam2pja7s8ozhewvsch,Thu May 25 06:13:03 2023,0,36,40,0,0,0,1885,0,23,44,15,0,93,21
4,lam2pja7ax7zbery32j,Thu May 25 06:41:43 2023,0,0,0,0,33,109,2039,31,0,2,0,0,0,21
10,lam2pja7ji577echjdf,Thu May 25 02:20:45 2023,21,0,26,0,0,0,1589,43,34,0,0,30,357,21
15,lam2pja7aqgme31e9ef,Thu May 25 00:16:51 2023,0,36,7,0,0,0,1545,0,0,0,9,15,0,21
22,lam2pja7ywigf6e4h8p,Thu May 25 03:36:07 2023,34,16,0,24,24,0,2090,13,47,349,19,46,483,21
13,lam2pja7w4bgwpd05jq,Thu May 25 03:48:40 2023,0,14,0,21,46,0,1778,47,0,68,0,20,0,21
14,lam2pja7fxt58wj2kf9,Wed May 24 21:14:08 2023,0,18,48,36,42,0,1861,35,33,151,41,0,0,21
16,lam2pja7i628pe816oe,Thu May 25 01:06:24 2023,0,11,45,0,360,220,1794,45,41,464,0,0,0,21
17,lam2pja784m5n2di3af,Thu May 25 04:42:01 2023,15,0,0,0,15,0,2110,0,0,0,7,12,0,21
18,lam2pja7xvzrou5foef,Thu May 25 00:24:13 2023,0,30,0,32,167,0,1718,0,0,0,0,0,198,21
19,lam2pja782dxn71rs8p,Thu May 25 00:56:13 2023,0,2,0,0,126,168,1744,0,35,271,20,0,0,21
20,lam2pja7voqxfcq47ec,Thu May 25 01:04:49 2023,0,12,41,5,25,0,1520,14,11,282,0,0,413,21
21,lam2pja79pitx0jdd7p,Thu May 25 01:19:27 2023,1,0,18,2,37,229,1830,2,35,366,39,48,368,21
25,lam2pja776vwtqa2q1w,Thu May 25 06:11:10 2023,17,0,0,0,182,243,1993,0,0,36,12,7,0,21
23,lam2pja7qtpvypyanii,Wed May 24 19:01:15 2023,49,0,0,0,38,135,2221,7,34,487,29,18,0,21
24,lam2pja7xgycdoe411f,Wed May 24 16:50:19 2023,0,0,0,35,485,0,1592,47,0,373,22,0,0,21
12,lam2pja7yx80rvo8n5,Wed May 24 17:17:26 2023,26,0,0,3,125,0,1878,0,46,0,46,0,0,21
5,lam2pjam6j972re1noj,Thu Jun  1 05:14:12 2023,0,33,0,32,0,0,2109,0,0,188,3,16,606,22
4,lam2pjam1jlaroqkdop,Thu Jun  1 00:17:19 2023,10,2,0,6,0,0,1521,34,0,405,24,0,480,22
3,lam2pjamq3ozkbrlm3t,Wed May 31 21:23:36 2023,0,0,0,11,582,70,1676,48,5,32,0,43,0,22
1,lam2pjam5vfu4ibzw46,Thu Jun  1 05:57:34 2023,0,0,34,9,285,122,2098,24,6,7,12,28,87,22
0,lam2pjam3a63ktycdy5,Thu Jun  1 06:23:31 2023,34,33,0,0,27,773,1687,0,45,370,0,19,220,22
2,lam2pjamckeeeey8fk7,Thu Jun  1 07:58:05 2023,20,0,0,0,44,0,2200,18,4,30,44,0,766,22
7,lam2pjam367lpo6u5nv,Thu Jun  1 00:10:36 2023,0,37,0,0,528,0,2075,0,41,7,0,15,0,22
6,lam2pjamwuw6ojqrjpe,Wed May 31 18:01:05 2023,0,0,0,24,0,399,1517,0,0,16,0,48,0,22
9,lam2pjami7gvqa056f,Thu Jun  1 00:28:57 2023,13,0,0,23,94,0,1490,0,0,677,0,0,0,22
10,lam2pjam8dff7zszp9v,Thu Jun  1 03:26:22 2023,0,0,0,10,0,0,1954,0,46,0,0,22,27,22
11,lam2pjam3ox3ddw3wk5,Thu Jun  1 02:27:57 2023,28,17,41,38,533,577,1591,0,0,35,0,18,493,22
12,lam2pjam3id3l7bkvgj,Thu Jun  1 03:04:11 2023,0,30,0,45,501,0,1789,4,10,780,47,1,0,22
13,lam2pjamv1aeekk8lx,Thu Jun  1 08:13:58 2023,28,30,48,0,0,0,1890,15,0,408,10,13,608,22
14,lam2pjamlslltds9ft7,Thu Jun  1 02:29:48 2023,0,0,16,0,15,298,2165,0,0,508,32,0,0,22
15,lam2pjam724oufm44nb,Wed May 31 21:04:14 2023,2,0,0,0,0,0,1701,40,0,38,0,0,0,22
8,lam2pjamqulzom56g7,Thu Jun  1 00:57:41 2023,7,2,44,44,0,0,1488,0,0,521,9,0,0,22
0,lam2pjazihdln7shk2k,Wed Jun  7 23:49:14 2023,4,31,0,17,0,946,2063,0,46,894,22,0,1043,23
1,lam2pjaztajaxkcmvf,Wed Jun  7 23:43:08 2023,0,0,0,3,34,1054,1637,0,42,11,48,38,0,23
2,lam2pjaztquahq2h1ai,Wed Jun  7 21:44:51 2023,0,48,20,2,27,0,2054,0,1,49,0,0,0,23
3,lam2pjaztky5lnvqp4k,Thu Jun  8 05:12:00 2023,0,7,0,0,0,0,2026,0,0,755,47,29,319,23
4,lam2pjazhwx1emwmcft,Wed Jun  7 17:17:22 2023,0,9,0,0,1000,1028,1775,36,0,0,0,24,849,23
5,lam2pjaz7v4qz0tjqva,Wed Jun  7 17:34:01 2023,22,0,0,0,0,0,1560,23,0,29,0,0,999,23
8,lam2pjazngmvofo3rm9,Thu Jun  8 01:34:47 2023,0,0,5,0,0,0,1466,38,0,396,48,0,1073,23
7,lam2pjazec9adprf2bk,Thu Jun  8 01:11:20 2023,0,0,0,0,1063,0,1456,25,33,41,0,32,0,23
9,lam2pjaz8ym1zcw2q4r,Thu Jun  8 03:47:28 2023,0,28,26,0,0,627,1785,35,0,850,2,36,0,23
10,lam2pjaze0ud5ppduia,Thu Jun  8 01:13:47 2023,37,16,0,2,544,503,2108,21,31,0,41,0,0,23
11,lam2pjazlj63hm94ibq,Thu Jun  8 05:45:55 2023,0,0,4,0,744,1011,1917,0,17,608,35,0,0,23
12,lam2pjaz9xcm2i7jmz,Thu Jun  8 06:10:16 2023,0,5,0,45,987,922,1878,0,27,625,0,0,671,23
6,lam2pjazjoed2immbbc,Wed Jun  7 20:07:19 2023,27,35,4,18,0,0,1357,0,9,0,0,0,0,23
7,lam2pjb94xigcm9sfrb,Wed Jun 14 23:46:08 2023,0,27,3,0,222,0,1260,0,0,356,0,0,0,24
8,lam2pjb9tfo2dsyagbl,Thu Jun 15 00:15:18 2023,48,15,37,29,0,224,1865,0,6,0,0,0,564,24
12,lam2pjb9rxu76cedht,Wed Jun 14 19:21:55 2023,0,0,0,0,0,0,1433,1,38,627,0,0,588,24
10,lam2pjb9ywl5bfu9yjo,Thu Jun 15 01:25:58 2023,0,0,44,11,17,0,1275,6,17,329,44,31,715,24
11,lam2pjb94udlmw0p0le,Thu Jun 15 00:29:01 2023,0,39,21,29,414,457,1368,15,2,36,0,0,179,24
9,lam2pjb9bj5d3i6r8li,Wed Jun 14 16:49:05 2023,0,0,23,0,208,19,1558,1,17,533,0,0,0,24
6,lam2pjb9skn5sh84pzh,Wed Jun 14 20:35:05 2023,0,0,0,48,460,0,1760,3,22,32,0,0,0,24
26,lam2pjb99t4cr52vdl,Wed Jun 14 22:10:35 2023,14,0,49,0,49,660,1980,0,19,444,23,0,71,24
4,lam2pjb9xa8aix8979s,Thu Jun 15 03:32:32 2023,0,2,0,0,695,0,1248,4,0,0,0,49,547,24
3,lam2pjb9pwqlneddb2,Wed Jun 14 18:29:22 2023,14,42,44,7,798,127,1973,6,0,784,10,0,445,24
2,lam2pjb9lsm14qiqswk,Thu Jun 15 04:01:38 2023,0,42,0,0,559,88,1972,38,28,4,32,0,218,24
1,lam2pjb9batk14b8lrf,Wed Jun 14 18:45:30 2023,31,45,0,34,35,0,1787,47,0,0,0,34,0,24
0,lam2pjb9rwph0pdxo2g,Thu Jun 15 03:57:34 2023,0,44,26,0,4,0,1874,0,0,42,18,0,10,24
13,lam2pjb9jvzkikzxvd,Thu Jun 15 04:29:30 2023,44,0,0,0,35,410,1556,0,42,232,38,0,171,24
5,lam2pjb91nzwfybv53r,Wed Jun 14 19:04:44 2023,0,8,0,41,0,0,1247,22,32,534,0,48,0,24
14,lam2pjb9ychc126a7wb,Thu Jun 15 00:56:02 2023,0,0,0,0,42,0,1875,0,0,5,0,34,0,24
28,lam2pjb9453l5n68g7k,Thu Jun 15 07:09:41 2023,22,1,0,30,20,663,1663,0,17,627,0,0,0,24
16,lam2pjb9sk0wa8eq5j,Wed Jun 14 20:04:26 2023,1,0,18,0,47,748,1736,0,45,277,0,0,0,24
15,lam2pjb993onjur19du,Thu Jun 15 01:37:10 2023,0,0,0,0,460,143,1596,0,0,0,12,0,668,24
32,lam2pjb9s0sz3m2v5kb,Thu Jun 15 05:51:03 2023,31,7,0,35,594,193,1351,0,27,717,19,27,0,24
31,lam2pjb9xehcr026ck,Wed Jun 14 16:56:28 2023,13,36,7,0,409,424,1757,0,8,0,0,17,689,24
30,lam2pjb9mts1rald08,Wed Jun 14 18:47:09 2023,23,11,26,36,0,0,1619,0,0,430,0,38,0,24
29,lam2pjb9pzartuwi8ne,Wed Jun 14 18:48:55 2023,0,0,0,41,3,428,1402,32,17,17,0,10,0,24
27,lam2pjb9720msxzj3yj,Wed Jun 14 21:20:37 2023,0,0,23,0,118,0,1702,0,33,0,0,27,0,24
24,lam2pjb9mjuytkt8pol,Wed Jun 14 16:39:38 2023,10,0,0,2,161,128,1611,15,25,524,0,0,0,24
25,lam2pjb9ze1kcuszfw,Thu Jun 15 08:46:21 2023,0,20,0,0,0,0,1933,7,44,625,0,0,562,24
22,lam2pjb9lmiecf3cx0o,Wed Jun 14 18:06:32 2023,0,0,9,41,588,0,1352,0,14,527,0,29,0,24
21,lam2pjb90fwcdv9psou,Thu Jun 15 08:31:25 2023,0,33,8,4,467,0,1950,9,28,165,0,0,0,24
20,lam2pjb9sn6l7wc0oin,Thu Jun 15 07:14:57 2023,44,13,6,0,0,0,1467,1,37,0,0,0,0,24
19,lam2pjb9p527jns48,Wed Jun 14 20:38:43 2023,14,1,0,17,612,0,1293,40,0,43,0,41,0,24
18,lam2pjb9v10167608je,Thu Jun 15 01:58:57 2023,45,6,0,27,65,764,1572,30,0,200,0,1,0,24
17,lam2pjb9q7ozijvl8c,Thu Jun 15 03:02:42 2023,0,0,42,33,0,0,1225,5,45,285,18,0,0,24
23,lam2pjb9epqodhf31gc,Thu Jun 15 05:32:11 2023,47,0,38,31,30,94,1516,0,48,569,0,15,103,24
1,lam2pjbiow3mmegz21e,Wed Jun 21 16:39:12 2023,0,0,5,30,48,0,1722,17,35,19,0,0,0,25
0,lam2pjbi1tnk2uxy9jl,Wed Jun 21 18:00:38 2023,0,0,0,0,30,31,1622,0,48,49,22,0,86,25
2,lam2pjbi5943934zeli,Thu Jun 22 06:10:59 2023,7,6,18,44,52,0,1527,0,0,0,24,24,0,25
7,lam2pjbicf2ll1lezd,Thu Jun 22 06:32:00 2023,0,20,13,0,0,415,1469,5,39,0,28,0,0,25
4,lam2pjbikro6sooo1so,Wed Jun 21 20:49:13 2023,29,0,0,0,0,224,1796,11,0,42,19,12,460,25
5,lam2pjbibgd1h2dmn3i,Thu Jun 22 05:20:36 2023,0,1,0,18,134,0,1095,0,0,0,0,0,197,25
6,lam2pjbittcpzheamw,Wed Jun 21 22:27:24 2023,30,0,0,0,0,64,1652,0,22,29,31,36,207,25
3,lam2pjbi1ff2g7u1052,Wed Jun 21 20:46:23 2023,18,0,0,45,279,391,1309,0,0,0,0,48,0,25
5,lam2pjbsgy6n5wzgl76,Wed Jun 28 19:00:04 2023,37,47,41,34,0,561,1597,26,0,17,3,15,0,26
0,lam2pjbsw04k3nml9t9,Wed Jun 28 23:08:40 2023,0,0,0,0,190,303,1330,0,22,37,24,2,213,26
1,lam2pjbsswmhltgq78e,Thu Jun 29 00:34:26 2023,0,0,0,22,512,99,1430,0,0,649,0,0,245,26
2,lam2pjbsy679jlve5oq,Thu Jun 29 05:47:43 2023,34,0,3,0,109,656,1070,0,0,6,0,0,0,26
3,lam2pjbsw0icgbw0qt,Wed Jun 28 18:37:18 2023,47,0,7,0,0,316,1403,41,0,42,5,15,341,26
4,lam2pjbsigczcne0zre,Wed Jun 28 18:27:29 2023,5,0,0,0,94,249,1642,46,0,0,28,0,0,26
6,lam2pjbsiun9cum4f2n,Wed Jun 28 19:48:26 2023,0,29,24,0,462,355,1545,0,24,334,0,0,0,26
14,lam2pjbs8bfnxtm8ivn,Thu Jun 29 08:48:21 2023,0,49,0,14,27,0,1142,22,48,32,15,49,119,26
8,lam2pjbsts7etemyqdo,Wed Jun 28 22:15:42 2023,0,0,15,0,577,0,1278,0,33,164,11,5,281,26
9,lam2pjbs99dpmu6xzn6,Wed Jun 28 23:51:02 2023,0,0,24,12,574,607,1151,41,13,8,11,0,0,26
10,lam2pjbsdwpvm5dg4sm,Wed Jun 28 21:26:27 2023,5,27,9,0,208,0,1588,0,14,194,14,0,0,26
11,lam2pjbs0j08t8p48vo9,Wed Jun 28 21:21:48 2023,39,0,7,12,522,341,1155,0,6,3,0,41,39,26
12,lam2pjbs0uj14k6ijfyq,Wed Jun 28 17:50:22 2023,0,10,29,0,0,121,1442,0,0,39,0,0,0,26
13,lam2pjbsoudxc0fjudk,Wed Jun 28 18:59:58 2023,0,0,47,29,44,749,1372,27,42,385,0,22,57,26
7,lam2pjbsu4yakhk747m,Thu Jun 29 07:26:37 2023,0,33,0,7,0,0,1071,18,33,0,19,49,262,26
0,lam2pjc1kbuir1fs3nf,Thu Jul  6 07:39:25 2023,46,8,0,0,827,0,1478,44,0,12,0,18,0,27
1,lam2pjc19vkm4h34ex5,Thu Jul  6 01:44:07 2023,0,9,0,0,947,0,941,25,6,833,1,30,0,27
2,lam2pjc14rimicvdao2,Wed Jul  5 20:50:13 2023,0,0,0,0,363,0,1072,0,0,1060,37,0,0,27
3,lam2pjc1mk62v8wvu1,Thu Jul  6 03:58:36 2023,34,0,12,30,0,989,1195,0,26,436,0,47,301,27
4,lam2pjc1iraulb3x5g,Thu Jul  6 00:51:57 2023,0,6,23,0,48,0,1645,0,0,0,0,2,0,27
5,lam2pjc1olz6z2e7i4f,Wed Jul  5 22:47:21 2023,12,0,44,0,18,792,962,40,39,529,42,18,0,27
6,lam2pjc1r607xpw5zjf,Wed Jul  5 19:22:07 2023,0,45,2,0,15,624,1445,30,0,12,44,0,0,27
7,lam2pjc2mvutaw68e3,Wed Jul  5 17:41:22 2023,0,0,48,2,0,0,1305,0,0,40,8,0,572,27
8,lam2pjc2yt0rrwkh4oi,Wed Jul  5 21:40:50 2023,28,0,0,32,0,918,1029,0,0,1013,33,46,0,27
10,lam2pjc3ag40e7xn37i,Thu Jul  6 03:02:17 2023,0,0,46,45,0,0,1043,36,31,30,0,48,1056,27
11,lam2pjc362lmuzuj4nb,Wed Jul  5 22:45:59 2023,0,0,0,31,825,0,1528,37,0,786,0,0,0,27
12,lam2pjc3ey16dlbrl4c,Thu Jul  6 03:42:08 2023,0,28,0,0,649,342,1143,31,14,46,0,0,0,27
13,lam2pjc3l38go3bltfd,Wed Jul  5 22:24:16 2023,23,24,0,4,976,0,1220,8,0,0,0,42,0,27
14,lam2pjc3cax3avy1f,Wed Jul  5 18:38:31 2023,24,30,0,0,0,0,929,45,49,0,0,0,0,27
15,lam2pjc3pby4ihcwiih,Thu Jul  6 01:35:45 2023,0,0,49,0,631,914,1497,0,40,392,22,0,0,27
16,lam2pjc3kuco53cjdc,Wed Jul  5 21:34:02 2023,37,0,42,0,743,0,864,33,0,13,21,0,0,27
17,lam2pjc31gi93fo2ykm,Thu Jul  6 06:22:09 2023,0,0,0,0,0,371,1126,0,0,612,12,29,916,27
18,lam2pjc3utpusqlvzbd,Thu Jul  6 03:47:41 2023,0,0,7,0,17,784,1294,0,48,454,5,0,1008,27
9,lam2pjc3zzcjmw8c2jh,Thu Jul  6 08:34:33 2023,0,0,5,0,649,0,1582,5,0,22,35,7,0,27
8,lam2pjch6gohwu3hka4,Wed Jul 12 16:12:54 2023,22,0,0,0,758,0,1398,0,45,0,0,0,0,28
7,lam2pjchlneb8duc33m,Wed Jul 12 22:04:35 2023,39,0,30,0,500,0,1228,0,0,0,0,0,748,28
6,lam2pjch7io86lw1vqm,Thu Jul 13 00:30:40 2023,0,1,8,0,0,30,1351,29,0,0,6,47,675,28
5,lam2pjchq4ivhxq050g,Wed Jul 12 19:00:18 2023,29,0,15,47,15,0,1354,0,1,332,0,43,0,28
1,lam2pjcge6bggaxdss4,Thu Jul 13 03:54:31 2023,33,0,0,8,0,124,1501,33,0,686,0,0,0,28
3,lam2pjcgzthnt6p1d1,Thu Jul 13 01:01:36 2023,40,8,0,0,0,0,1214,0,0,18,0,20,509,28
2,lam2pjcg86g211ugadx,Wed Jul 12 20:23:19 2023,33,0,30,0,620,690,1298,2,26,790,27,0,0,28
0,lam2pjcgxcc1muepit7,Wed Jul 12 17:17:53 2023,0,0,11,0,0,276,1518,0,12,20,23,5,0,28
4,lam2pjch5hq8qwk0rhy,Wed Jul 12 17:19:22 2023,0,0,0,14,109,224,1460,0,0,0,0,0,0,28
10,lam2pjchp96s5g406e,Wed Jul 12 22:35:23 2023,5,0,0,19,309,108,1181,0,0,292,28,44,0,28
9,lam2pjchyokxw92h01,Wed Jul 12 19:17:13 2023,0,0,23,0,0,792,873,0,39,310,0,46,0,28
12,lam2pjch74p1ej7ww4,Wed Jul 12 16:41:48 2023,0,21,0,30,510,654,1366,31,0,204,43,42,155,28
11,lam2pjch7zvenrfgf9g,Thu Jul 13 08:01:48 2023,0,0,0,46,286,180,1294,6,6,205,43,0,0,28
22,lam2pjchyhc1slwsilb,Wed Jul 12 22:41:57 2023,0,0,1,29,0,0,1238,18,49,100,0,45,0,28
21,lam2pjchpwl22whqjq,Wed Jul 12 16:45:52 2023,0,0,35,0,690,0,1236,0,3,0,0,0,0,28
19,lam2pjchensawj0ev4j,Wed Jul 12 20:54:47 2023,25,13,0,0,0,737,1321,17,0,250,26,0,0,28
18,lam2pjch6y6vd0hjmzk,Wed Jul 12 18:15:26 2023,25,0,0,46,613,0,1091,35,25,37,0,0,0,28
20,lam2pjch8a3rv49iwss,Thu Jul 13 07:24:56 2023,0,17,0,36,0,0,785,30,29,530,23,21,409,28
16,lam2pjchvpag4anaas9,Wed Jul 12 17:07:03 2023,0,0,0,42,416,0,866,0,0,0,0,0,0,28
15,lam2pjch4kg5u9lxnbq,Thu Jul 13 08:41:31 2023,28,0,0,0,0,0,862,0,0,709,0,0,0,28
14,lam2pjchotpjbjajp8,Thu Jul 13 07:02:14 2023,15,44,0,0,31,140,913,44,0,0,0,40,0,28
13,lam2pjchpn2xcrmlxk,Thu Jul 13 08:33:21 2023,0,0,45,6,486,530,1147,43,0,20,41,21,0,28
17,lam2pjch6b9qvd8vndn,Wed Jul 12 20:12:02 2023,0,0,0,18,500,0,1352,0,25,0,0,6,216,28
17,lam2pjcsdh8hjplrxlc,Wed Jul 19 20:49:00 2023,0,0,0,0,278,0,924,0,36,243,11,8,0,29
14,lam2pjcssieaskd64q,Wed Jul 19 18:45:57 2023,0,25,1,0,334,349,1017,22,0,179,21,27,0,29
15,lam2pjcsiv35ov3sseb,Wed Jul 19 18:12:51 2023,5,0,0,0,84,0,1142,0,0,269,0,0,0,29
16,lam2pjcs7w3cd8nuvin,Wed Jul 19 22:56:24 2023,13,39,0,0,6,0,824,0,0,137,23,0,52,29
18,lam2pjcserzn13aozti,Wed Jul 19 17:21:15 2023,0,26,31,34,43,0,795,39,0,275,24,46,0,29
24,lam2pjcsabfo1bwzg2o,Thu Jul 20 04:07:48 2023,0,0,0,0,65,78,1476,0,0,22,0,0,135,29
20,lam2pjcsl5po60znen,Wed Jul 19 16:14:43 2023,0,3,0,19,282,257,1345,0,0,42,35,0,138,29
21,lam2pjcsy0t8dy4v4l,Thu Jul 20 05:30:34 2023,7,0,0,41,30,87,1415,11,0,101,0,0,0,29
22,lam2pjcsqzq1qaah3r,Wed Jul 19 21:51:10 2023,0,48,48,21,38,299,814,0,31,247,43,0,0,29
23,lam2pjcsfxcedip69jo,Thu Jul 20 06:01:15 2023,0,0,0,39,290,0,1251,36,0,0,27,0,19,29
19,lam2pjcsh2wmyqhu7f6,Thu Jul 20 03:07:37 2023,27,0,17,0,49,257,1263,38,0,0,40,0,154,29
13,lam2pjcsthadiof6yeb,Thu Jul 20 02:15:18 2023,0,0,30,0,28,269,755,0,0,33,34,48,0,29
12,lam2pjcshzc6xmsxur4,Thu Jul 20 00:43:06 2023,0,7,22,0,480,0,1471,26,12,88,2,36,0,29
10,lam2pjcsra8s8t2v2m,Thu Jul 20 07:21:15 2023,0,36,0,1,168,0,891,0,17,221,0,20,218,29
11,lam2pjcsd0edztr2rcl,Thu Jul 20 06:31:08 2023,39,48,0,19,346,0,1178,0,30,142,7,27,258,29
0,lam2pjcsxeh0eyis1xh,Wed Jul 19 23:39:38 2023,0,37,36,35,132,0,789,10,0,130,0,44,0,29
2,lam2pjcslwnjrvmm86,Thu Jul 20 00:57:30 2023,0,7,9,0,383,0,1092,0,18,233,39,40,427,29
3,lam2pjcsewb4p6mnh6,Wed Jul 19 21:10:08 2023,0,0,0,0,210,0,878,0,48,428,18,0,0,29
4,lam2pjcs4slgz9oodk,Thu Jul 20 07:41:16 2023,42,0,0,9,37,0,1188,0,12,0,0,17,61,29
1,lam2pjcsbjc973mxldt,Wed Jul 19 18:04:12 2023,0,0,28,0,19,0,1298,22,0,244,0,6,88,29
6,lam2pjcshjq320lh2gj,Wed Jul 19 22:09:40 2023,0,48,0,17,39,0,927,0,0,53,0,0,0,29
7,lam2pjcsfu03oiu7nvr,Wed Jul 19 22:08:59 2023,0,6,2,0,8,0,1172,37,45,57,18,18,20,29
8,lam2pjcs5ljs0g86txd,Thu Jul 20 08:34:31 2023,0,0,48,0,0,0,1097,0,0,166,0,0,0,29
9,lam2pjcsw4ufy61cm7,Thu Jul 20 04:06:22 2023,0,0,0,0,118,150,1074,0,0,334,42,0,106,29
5,lam2pjcszlg3d4bd6l9,Thu Jul 20 00:11:50 2023,0,10,49,8,0,0,1246,0,32,433,0,0,49,29
8,lam2pjd4xn0mcb58g7r,Thu Jul 27 07:02:10 2023,43,0,0,0,66,0,850,7,0,647,0,0,0,30
13,lam2pjd4lppkzi09lqm,Thu Jul 27 04:51:36 2023,0,0,0,0,0,0,715,0,0,806,0,0,796,30
12,lam2pjd4faldz09wbva,Wed Jul 26 18:00:54 2023,43,13,0,23,568,0,857,0,0,35,0,19,0,30
11,lam2pjd4h8amtc9uvkh,Wed Jul 26 19:25:34 2023,40,46,10,3,0,438,1114,27,3,628,0,25,288,30
10,lam2pjd4vk3pfldeuw,Thu Jul 27 06:51:43 2023,0,17,0,0,22,0,1161,0,0,25,0,0,0,30
9,lam2pjd4n1ys2ua7khn,Thu Jul 27 06:31:46 2023,46,0,0,32,382,0,900,41,0,42,32,0,645,30
7,lam2pjd47n4ybw90i6s,Thu Jul 27 04:44:35 2023,0,0,31,0,370,307,794,7,0,12,0,0,0,30
1,lam2pjd4hcgvmltggtm,Wed Jul 26 19:09:53 2023,0,27,0,6,113,656,1059,43,0,608,9,36,0,30
5,lam2pjd4lnfcoe93wpj,Thu Jul 27 03:26:34 2023,27,0,0,0,0,0,1049,0,37,683,48,42,722,30
4,lam2pjd4no6olt8bgzc,Thu Jul 27 08:18:15 2023,0,0,10,0,761,0,1429,45,0,766,0,0,697,30
3,lam2pjd4k4y5mx9dn3g,Wed Jul 26 19:53:16 2023,2,32,0,4,717,483,1281,0,29,48,0,44,0,30
2,lam2pjd46exczu73dqh,Thu Jul 27 07:31:27 2023,26,49,0,0,3,0,1077,0,40,0,19,0,779,30
15,lam2pjd4xlllwmxes7,Thu Jul 27 00:39:42 2023,0,0,47,17,0,570,945,49,0,16,0,15,571,30
0,lam2pjd4ej34j52hlag,Thu Jul 27 02:51:44 2023,0,31,0,0,785,0,840,16,0,137,0,29,0,30
6,lam2pjd405ezpn8regrn,Wed Jul 26 18:33:09 2023,0,31,2,29,417,0,851,0,46,0,0,0,0,30
16,lam2pjd4rvakapeq2t,Thu Jul 27 04:43:56 2023,38,0,0,0,0,342,1020,13,13,26,9,35,196,30
14,lam2pjd4l6bn3mtg5ok,Wed Jul 26 20:13:00 2023,29,0,0,11,734,0,918,0,0,171,0,5,0,30
18,lam2pjd4x162lvtg0f,Thu Jul 27 07:17:33 2023,15,0,0,0,179,63,898,0,0,0,0,0,110,30
32,lam2pjd4r5wueuro3fg,Wed Jul 26 23:47:43 2023,31,14,0,0,776,701,1018,30,0,0,0,11,523,30
31,lam2pjd4ub2vmept8oh,Wed Jul 26 21:58:19 2023,30,0,45,0,0,0,1065,10,20,627,44,0,770,30
30,lam2pjd46hnlsmuuoa9,Thu Jul 27 01:03:35 2023,0,25,49,0,534,571,1362,26,0,27,0,27,81,30
29,lam2pjd4pwj0gh5h5fo,Thu Jul 27 01:11:07 2023,25,0,0,27,23,604,773,0,35,596,0,0,0,30
28,lam2pjd4de46iclfia,Wed Jul 26 22:22:38 2023,0,0,0,48,43,0,770,43,23,353,3,32,729,30
27,lam2pjd41iyexvhazm9,Thu Jul 27 02:36:53 2023,0,29,0,8,576,0,889,0,0,263,0,39,0,30
26,lam2pjd4v74w1isn2tj,Wed Jul 26 23:51:18 2023,32,0,0,47,28,435,1351,0,38,200,38,6,307,30
25,lam2pjd4tnif6sa0eek,Thu Jul 27 08:44:51 2023,0,12,21,0,0,0,1138,49,0,381,42,18,0,30
24,lam2pjd4sad5x2212dn,Wed Jul 26 23:58:05 2023,0,18,0,0,0,89,1038,4,43,574,24,7,0,30
23,lam2pjd44wo0pty855k,Wed Jul 26 19:49:03 2023,41,0,0,2,25,763,1153,0,0,425,0,46,113,30
22,lam2pjd49frv1vymhya,Thu Jul 27 04:09:01 2023,0,25,40,0,6,0,762,0,22,0,9,0,316,30
21,lam2pjd4zt53sv0ireq,Wed Jul 26 18:31:15 2023,0,13,0,10,63,0,803,0,23,0,49,0,713,30
20,lam2pjd42rqq29axtv1,Thu Jul 27 05:26:33 2023,22,13,33,27,33,0,897,45,34,232,0,0,0,30
19,lam2pjd4xjpx7ks3px8,Thu Jul 27 08:31:51 2023,11,0,19,13,0,0,998,0,45,22,0,0,712,30
33,lam2pjd4v801dhtslg,Wed Jul 26 23:56:30 2023,9,0,39,39,26,601,764,48,11,424,0,0,248,30
17,lam2pjd4tqirt7u13mr,Wed Jul 26 23:10:53 2023,47,0,0,0,0,0,1180,15,0,788,0,0,0,30
0,lam2pjdfcb2vn5lqred,Wed Aug  2 20:41:05 2023,0,37,0,11,642,0,686,38,0,27,34,27,622,31
3,lam2pjdfz9p6v89hui,Thu Aug  3 04:06:55 2023,0,0,0,14,768,510,1397,0,26,0,0,0,0,31
2,lam2pjdfa2vgggnr2u,Wed Aug  2 23:54:45 2023,2,0,36,0,17,336,793,0,34,0,35,0,0,31
1,lam2pjdfd2vzij70d7p,Thu Aug  3 00:57:27 2023,0,30,49,12,0,0,960,0,0,377,0,0,0,31
0,lam2pjdqubh6gzxvdxd,Thu Aug 10 06:38:41 2023,31,0,0,14,73,0,1022,0,0,17,0,27,590,32
6,lam2pje0uyuprvkxoi,Wed Aug 16 21:53:30 2023,49,33,7,0,379,0,999,0,0,14,0,42,0,33
5,lam2pje0fwfthtkc9gl,Thu Aug 17 00:28:49 2023,41,0,0,41,186,176,1242,0,0,210,7,21,118,33
4,lam2pje057erc5uuue,Wed Aug 16 23:36:48 2023,30,0,10,0,0,230,1181,19,0,162,33,0,0,33
3,lam2pje0kzr9w2xdj2,Thu Aug 17 07:33:19 2023,23,0,0,31,493,0,1455,36,46,14,0,28,0,33
2,lam2pje0ukpffqrizip,Wed Aug 16 17:13:16 2023,6,0,38,0,306,0,794,0,0,0,21,0,0,33
1,lam2pje03jue21kw2hb,Thu Aug 17 07:06:35 2023,0,28,0,40,113,0,1308,48,27,0,0,0,455,33
0,lam2pje0ku0ms84jomo,Thu Aug 17 06:40:25 2023,2,0,0,20,18,0,1372,0,5,0,0,11,0,33
2,lam2pje9ukyrkxfx89,Wed Aug 23 23:36:26 2023,0,0,0,0,0,0,1029,0,0,0,44,43,0,34
0,lam2pje992pgcrmpk3k,Thu Aug 24 01:57:07 2023,0,35,21,15,9,0,1396,18,37,1,42,43,0,34
1,lam2pje96e4rmvxl5qr,Wed Aug 23 16:54:59 2023,0,46,0,0,0,0,1321,35,35,0,35,0,0,34
3,lam2pje92zih5zgss21,Thu Aug 24 05:16:16 2023,0,43,0,0,114,0,969,0,0,415,0,0,0,34
6,lam2pje9q060ts4w8ko,Wed Aug 23 16:39:43 2023,3,29,32,0,0,0,1229,0,0,414,0,0,669,34
5,lam2pje9b4p6z944lrw,Wed Aug 23 22:17:02 2023,46,44,14,11,12,0,794,48,10,37,0,0,62,34
9,lam2pje9gqvtqyrdgu,Thu Aug 24 08:37:37 2023,29,18,3,25,16,0,1237,0,18,826,0,0,0,34
7,lam2pje92ldockzsny8,Wed Aug 23 18:31:11 2023,0,37,0,49,680,0,855,0,0,42,0,0,755,34
8,lam2pje9c0rgi9ethvr,Wed Aug 23 20:06:48 2023,5,0,0,0,586,0,887,36,3,575,20,44,517,34
4,lam2pje9dldydz08ppi,Wed Aug 23 17:12:23 2023,34,18,45,39,17,0,1036,36,17,0,1,31,0,34
0,lam2pjejgwk2bzkcy7j,Wed Aug 30 21:55:58 2023,0,0,33,0,0,0,1632,0,21,410,0,5,0,35
1,lam2pjejamo37lvrgni,Thu Aug 31 00:31:37 2023,11,0,0,41,0,302,1139,0,0,0,33,31,0,35
2,lam2pjej473s8fk1aa5,Thu Aug 31 02:44:24 2023,1,0,21,15,43,524,1290,30,39,798,0,16,787,35
3,lam2pjej6oejkrdwx4d,Thu Aug 31 02:21:08 2023,0,29,49,13,477,0,1144,0,28,826,0,0,332,35
5,lam2pjej4apspdw21gv,Wed Aug 30 17:23:23 2023,48,25,9,0,566,750,1198,0,3,836,0,32,0,35
4,lam2pjejy2dlqcln8c,Thu Aug 31 00:01:39 2023,28,0,0,0,0,0,911,32,0,0,41,40,0,35
7,lam2pjejcp2kcrvdkr9,Thu Aug 31 07:49:59 2023,0,0,0,20,563,0,910,47,32,1,0,4,783,35
8,lam2pjejf535qcoa03c,Wed Aug 30 19:50:39 2023,0,6,2,0,532,0,961,31,6,0,0,18,0,35
9,lam2pjejymcq10dz2qm,Thu Aug 31 07:56:29 2023,0,42,6,17,699,1027,1285,0,0,0,29,43,813,35
10,lam2pjejkyuvzhsggan,Thu Aug 31 02:06:07 2023,17,0,0,43,522,0,1424,9,0,795,0,0,0,35
11,lam2pjejvbvsyqal62s,Wed Aug 30 20:40:07 2023,11,28,0,0,23,977,978,3,0,454,0,0,431,35
6,lam2pjejuu7et5rsikn,Thu Aug 31 05:39:17 2023,0,0,0,2,712,480,952,0,0,32,16,0,0,35
9,lam2pjesdf2kgsbjyk,Thu Sep  7 04:35:30 2023,0,32,25,0,30,195,1734,14,0,733,19,0,0,36
13,lam2pjesw63bcbefmj9,Wed Sep  6 19:27:50 2023,47,35,22,0,0,204,1644,29,0,158,11,27,0,36
12,lam2pjes0spib7ie20z,Thu Sep  7 07:59:11 2023,0,0,0,46,743,0,1162,0,48,126,0,24,739,36
11,lam2pjesynzsswjs5ek,Thu Sep  7 05:29:51 2023,5,14,24,8,92,589,1058,40,0,625,0,0,0,36
10,lam2pjess4k9551h2y,Thu Sep  7 05:37:34 2023,47,3,8,31,90,0,1245,17,38,47,34,7,0,36
8,lam2pjeswjyqezut0ya,Wed Sep  6 17:54:19 2023,0,1,7,9,737,0,1680,8,27,521,9,39,369,36
0,lam2pjesfgfvypry42h,Wed Sep  6 22:19:34 2023,0,40,19,0,173,0,1799,0,0,36,0,14,0,36
6,lam2pjes9s47ikzl2da,Wed Sep  6 19:59:25 2023,48,0,0,47,208,432,1393,29,32,0,0,0,531,36
5,lam2pjesz294wzxm6bs,Thu Sep  7 07:02:17 2023,6,23,29,0,370,451,1564,0,30,30,0,34,0,36
4,lam2pjeshn8g1wtbjsh,Thu Sep  7 01:07:43 2023,0,0,13,35,0,447,1605,0,0,0,15,0,0,36
3,lam2pjes70ayqb6m8xh,Thu Sep  7 02:38:41 2023,33,7,47,0,7,0,1382,34,0,528,6,26,635,36
2,lam2pjesdu77ucg2u3d,Thu Sep  7 05:54:05 2023,49,0,0,30,157,0,1630,15,0,441,0,0,591,36
1,lam2pjesag9xwzgzevb,Wed Sep  6 18:09:31 2023,0,5,0,40,542,0,1488,0,10,331,13,0,774,36
14,lam2pjesjewgovkrz5g,Wed Sep  6 17:14:48 2023,41,0,14,0,62,0,1678,41,3,15,5,0,0,36
7,lam2pjesllkfp5ekvgj,Thu Sep  7 01:35:50 2023,0,0,27,7,0,0,1200,0,0,697,0,17,0,36
15,lam2pjesbp8yhqonc8j,Wed Sep  6 20:44:01 2023,15,13,0,0,34,0,1263,16,33,266,0,36,0,36
20,lam2pjes7ykxh7gq07n,Thu Sep  7 02:13:27 2023,0,44,0,22,44,0,1783,0,0,34,48,0,424,36
17,lam2pjescuo2uugjlni,Thu Sep  7 01:48:36 2023,34,0,0,41,241,36,1815,0,0,0,47,20,460,36
32,lam2pjesdtsq69f6nuc,Wed Sep  6 19:27:45 2023,37,20,0,0,64,672,1793,0,0,11,0,0,0,36
31,lam2pjesnn4f0u6k1n,Thu Sep  7 04:46:23 2023,10,0,32,0,43,0,1185,0,2,545,47,0,120,36
30,lam2pjesy9inpa67rd,Wed Sep  6 18:52:01 2023,0,9,28,0,6,68,1422,0,40,10,14,1,0,36
16,lam2pjeswbjx9rktt1g,Thu Sep  7 05:41:26 2023,43,46,35,16,167,0,1056,0,12,625,11,0,608,36
28,lam2pjes0e826uiucn1c,Thu Sep  7 08:17:27 2023,0,0,49,4,209,0,1099,0,0,11,25,21,379,36
27,lam2pjes4wn2nqi9iq,Wed Sep  6 17:29:45 2023,5,23,0,0,444,253,1233,39,0,131,10,14,418,36
26,lam2pjesqlg9ea0hbvh,Thu Sep  7 04:24:50 2023,0,6,0,18,332,473,1324,35,0,254,28,11,0,36
29,lam2pjeswbkt63nkm9m,Thu Sep  7 04:22:27 2023,0,0,0,47,322,0,1268,0,25,296,0,23,59,36
24,lam2pjesi1ot11pszt,Wed Sep  6 23:50:07 2023,36,23,28,0,0,39,1315,0,38,774,0,0,0,36
23,lam2pjesp9jv1johhw8,Wed Sep  6 19:05:05 2023,0,30,0,0,16,0,1817,0,0,417,0,0,338,36
22,lam2pjesqh76rr7b7ba,Thu Sep  7 07:03:13 2023,0,33,0,30,5,0,1440,7,0,34,11,28,0,36
21,lam2pjes4qhp5i1i92h,Wed Sep  6 21:50:37 2023,32,0,34,49,0,433,1114,10,0,31,0,6,81,36
19,lam2pjeszg4r0t5jbn,Wed Sep  6 19:00:01 2023,0,17,27,0,0,0,1513,0,43,0,14,0,0,36
18,lam2pjesoo623t7sjvs,Wed Sep  6 22:23:45 2023,35,0,11,24,0,0,1227,0,0,20,0,6,0,36
25,lam2pjesq59molmdw5,Thu Sep  7 06:12:28 2023,9,33,12,0,0,644,1066,30,1,153,0,0,691,36
6,lam2pjf40exqw56kndfs,Wed Sep 13 20:22:54 2023,0,0,40,0,41,428,1476,8,0,356,0,0,66,37
0,lam2pjf31o9hiztdhb2,Wed Sep 13 16:26:16 2023,0,0,0,0,14,108,1305,37,0,191,0,0,0,37
1,lam2pjf3d25cqqgca0k,Wed Sep 13 19:13:19 2023,0,20,12,0,33,284,1957,0,0,24,24,0,0,37
2,lam2pjf4iz6emsj8aj,Thu Sep 14 08:03:49 2023,0,0,0,29,0,215,1624,0,0,0,22,0,0,37
3,lam2pjf400e5lhynmkgeq,Wed Sep 13 18:22:56 2023,23,0,0,41,37,0,1749,38,0,249,17,29,375,37
4,lam2pjf4550ap2a144i,Wed Sep 13 23:45:10 2023,0,0,44,0,142,173,1600,0,0,252,0,38,205,37
5,lam2pjf4uj17br9i9q,Thu Sep 14 07:47:27 2023,11,0,8,42,42,86,1226,0,20,0,17,0,48,37
7,lam2pjf4oepih6yf9nj,Wed Sep 13 20:57:03 2023,0,0,29,37,0,396,1730,0,0,46,6,0,421,37
16,lam2pjf49sv6d17p5x8,Wed Sep 13 21:11:07 2023,0,0,2,40,432,134,1387,23,48,34,30,0,0,37
9,lam2pjf4achor2xt238,Thu Sep 14 01:04:52 2023,11,46,0,37,27,0,1872,24,0,69,15,0,49,37
10,lam2pjf4nv7qavai4oe,Thu Sep 14 00:23:05 2023,0,0,16,0,17,0,1423,0,0,175,0,9,40,37
11,lam2pjf4csgocuuv5k,Thu Sep 14 00:28:57 2023,30,0,25,0,9,16,1520,47,6,189,10,0,0,37
12,lam2pjf4ptp0vc62f9d,Thu Sep 14 04:04:53 2023,46,0,49,0,62,298,1593,0,0,143,11,0,0,37
13,lam2pjf411skufh3c72f,Wed Sep 13 20:08:07 2023,0,0,0,0,426,30,1782,0,3,222,0,0,138,37
14,lam2pjf41kx5gzt348j,Wed Sep 13 23:30:27 2023,0,0,0,44,48,216,1842,17,0,290,20,0,185,37
15,lam2pjf4fstywrcmrjp,Wed Sep 13 22:13:01 2023,7,0,37,0,110,51,1598,19,39,0,4,9,0,37
8,lam2pjf4ct4yceaq7sl,Wed Sep 13 21:29:00 2023,23,30,32,0,28,104,1729,14,0,180,34,32,0,37
7,lam2pjfchogf081xbc4,Wed Sep 20 21:35:28 2023,31,11,21,30,697,732,1370,8,0,1,33,1,0,38
6,lam2pjfcwzro9ni6gei,Wed Sep 20 18:48:49 2023,0,0,0,0,176,0,1693,15,0,22,0,0,414,38
5,lam2pjfcrls3by19eup,Thu Sep 21 01:24:52 2023,47,3,10,4,312,0,1401,0,26,0,0,0,425,38
0,lam2pjfce8j6c4plrab,Thu Sep 21 08:26:46 2023,0,39,0,39,685,0,1776,48,19,0,15,0,0,38
2,lam2pjfce9ml9o8k2v8,Wed Sep 20 23:34:17 2023,6,0,48,37,0,0,2011,0,26,0,15,0,657,38
1,lam2pjfco87fzdzaxa,Wed Sep 20 16:23:36 2023,23,0,0,17,0,742,1892,0,13,0,0,0,167,38
8,lam2pjfccdm83nz4fu,Wed Sep 20 21:55:43 2023,0,44,0,18,548,0,1310,13,0,300,0,0,0,38
3,lam2pjfc2bp25oiff38,Wed Sep 20 21:51:33 2023,0,30,0,43,447,51,1548,0,0,475,0,10,254,38
9,lam2pjfci3aef5jyav,Wed Sep 20 23:04:05 2023,0,33,7,0,160,0,2097,0,0,15,0,32,662,38
4,lam2pjfcac3gu7g5cdp,Thu Sep 21 07:14:21 2023,0,0,0,0,4,0,1708,0,7,301,44,0,0,38
11,lam2pjfcrkb2fqdw88,Wed Sep 20 22:26:35 2023,25,15,49,0,385,0,1382,0,30,0,35,0,0,38
12,lam2pjfcsm8sxvegd3b,Wed Sep 20 18:19:38 2023,25,31,25,0,0,469,1868,0,0,0,0,0,0,38
13,lam2pjfckmrzlxd7rma,Thu Sep 21 00:01:33 2023,0,2,0,42,11,0,1740,4,0,13,37,0,124,38
14,lam2pjfcywffou1vjir,Wed Sep 20 19:50:30 2023,0,4,0,0,653,0,1377,0,18,694,0,0,505,38
15,lam2pjfc7t6lde2ce5q,Wed Sep 20 17:17:54 2023,17,0,0,30,349,0,1303,0,0,658,7,43,549,38
20,lam2pjfdf7918s7i82m,Thu Sep 21 06:17:37 2023,3,27,0,45,588,288,1818,8,33,30,0,6,0,38
16,lam2pjfdr0p7tq9ydl,Thu Sep 21 05:59:47 2023,33,0,9,6,42,0,1343,0,0,105,22,0,0,38
17,lam2pjfd6pmaiado6ks,Thu Sep 21 02:00:23 2023,0,0,0,0,329,296,2071,0,0,591,45,0,634,38
18,lam2pjfdmziey7sipa,Thu Sep 21 01:33:00 2023,0,0,0,0,0,249,1857,0,46,87,0,0,457,38
19,lam2pjfd4vknlorilzp,Wed Sep 20 16:39:34 2023,0,19,0,0,0,653,1420,28,49,286,0,31,0,38
10,lam2pjfcuttlt2i1vdn,Thu Sep 21 03:15:17 2023,19,0,24,0,31,0,1872,0,0,494,0,37,135,38
0,lam2pjfne9nc0cldl24,Thu Sep 28 00:30:39 2023,0,20,40,5,0,676,1644,0,0,0,21,46,0,39
1,lam2pjfnl6d802npg6f,Thu Sep 28 07:15:03 2023,29,26,0,0,0,696,1906,0,0,0,11,47,857,39
2,lam2pjfnt2g7e90em19,Thu Sep 28 00:29:13 2023,10,0,20,0,1055,692,1881,0,33,37,0,0,0,39
3,lam2pjfnx8qs8kacuvb,Thu Sep 28 07:39:43 2023,0,0,11,1,35,965,1713,0,34,0,0,20,0,39
5,lam2pjfnkjp4lpxdaj,Thu Sep 28 03:14:05 2023,39,37,0,0,368,0,1495,0,0,1019,3,35,623,39
6,lam2pjfnozte6oxtddr,Wed Sep 27 23:31:40 2023,0,24,37,31,15,1029,1933,31,42,0,0,8,916,39
7,lam2pjfnqu4cjr9jl3,Thu Sep 28 05:12:55 2023,0,41,0,0,24,485,1564,31,19,767,3,41,0,39
8,lam2pjfnylkoiqlr67,Wed Sep 27 21:31:23 2023,6,15,0,13,0,699,1584,14,43,18,0,18,0,39
9,lam2pjfnp3ii9hm0ex,Thu Sep 28 00:52:08 2023,45,15,0,42,37,0,1604,32,0,0,28,0,0,39
4,lam2pjfn594vvaxxa04,Wed Sep 27 19:49:10 2023,21,37,7,0,660,979,2099,48,0,0,0,42,741,39
0,lam2pjfwr49ha67o31o,Thu Oct  5 05:22:24 2023,0,32,0,0,0,227,1712,0,0,417,0,19,0,40
1,lam2pjfwq9rl0auwfh,Thu Oct  5 07:02:38 2023,0,0,24,19,0,0,1897,0,37,0,0,28,0,40
2,lam2pjfwqgp1dtt8uo,Wed Oct  4 23:37:00 2023,0,19,0,0,194,0,2035,0,12,0,28,0,0,40
3,lam2pjfwcoyqoiqgqlt,Wed Oct  4 17:52:40 2023,0,0,0,15,436,419,1793,26,0,59,0,49,0,40
4,lam2pjfwbjgc2d6071p,Thu Oct  5 04:01:37 2023,0,2,0,4,673,109,1665,19,13,444,29,47,0,40
5,lam2pjfwafhcxe3vo8e,Thu Oct  5 00:55:31 2023,0,0,21,20,518,0,1620,0,6,428,34,24,479,40
8,lam2pjfxep1cg8bjuoo,Thu Oct  5 06:00:27 2023,0,32,0,0,0,44,2202,15,37,13,27,44,644,40
7,lam2pjfw21gz2q8nvjz,Thu Oct  5 01:26:10 2023,0,0,20,29,43,0,2288,12,0,8,8,37,99,40
9,lam2pjfxcbs4cxvx2mg,Wed Oct  4 16:36:35 2023,0,0,43,12,0,0,1981,30,0,510,16,41,0,40
6,lam2pjfw90ikjr5uzv,Thu Oct  5 08:51:11 2023,0,43,0,0,20,14,2086,12,37,5,0,23,0,40
11,lam2pjfxiwe07tuvy1k,Wed Oct  4 20:26:45 2023,0,0,0,0,476,0,2055,0,0,371,0,49,574,40
12,lam2pjfx2fvvol6nrrh,Thu Oct  5 01:08:04 2023,31,41,0,0,0,356,1554,0,0,21,15,0,180,40
13,lam2pjfxqaboqrekrub,Thu Oct  5 04:04:49 2023,0,0,0,9,379,50,2175,0,28,0,0,14,435,40
14,lam2pjfxlgifpl9xpss,Wed Oct  4 18:07:04 2023,0,4,0,0,166,0,1538,38,19,38,0,4,259,40
15,lam2pjfx98h0gvqs7pl,Thu Oct  5 01:14:12 2023,0,0,49,0,28,184,2071,45,24,0,43,0,0,40
16,lam2pjfxczmqcwhv21,Thu Oct  5 04:39:50 2023,0,44,0,0,638,320,2272,18,12,651,1,40,0,40
17,lam2pjfxq5tibzwdyaq,Thu Oct  5 05:56:43 2023,0,0,0,0,35,0,2295,0,0,153,0,0,246,40
18,lam2pjfxnc4rfuxgmi,Wed Oct  4 21:50:47 2023,0,0,23,18,0,0,2039,0,7,0,0,39,0,40
19,lam2pjfxfwv1e20eeif,Thu Oct  5 08:21:23 2023,21,16,0,8,25,0,2200,35,15,35,0,20,91,40
10,lam2pjfx1f8j16e291,Thu Oct  5 03:18:11 2023,25,39,12,0,36,120,2109,40,0,738,0,9,86,40
13,lam2pjg91j3enr3tq9l,Wed Oct 11 19:52:09 2023,0,45,37,29,447,437,2151,18,0,234,36,20,0,41
12,lam2pjg9wpe010rbwx,Thu Oct 12 06:49:52 2023,0,5,0,0,0,381,2020,2,0,120,0,48,0,41
11,lam2pjg99a16p79f8q,Wed Oct 11 19:32:39 2023,15,48,48,8,136,0,1795,0,22,41,0,9,54,41
10,lam2pjg9zkplkdjbm6,Thu Oct 12 00:53:13 2023,30,28,8,45,57,0,2052,25,0,13,0,30,305,41
9,lam2pjg9eqcwgv92ztu,Thu Oct 12 04:28:48 2023,34,44,47,6,258,0,2038,46,0,492,0,0,462,41
8,lam2pjg9igkqvvytnrl,Thu Oct 12 05:42:03 2023,0,4,4,0,40,282,2150,0,14,43,32,30,0,41
3,lam2pjg92yr9en54wc,Thu Oct 12 08:12:42 2023,0,0,26,0,0,346,1964,2,14,45,37,0,120,41
6,lam2pjg9af4q9kp5rln,Thu Oct 12 03:34:10 2023,0,0,3,5,0,0,1819,0,0,0,0,38,0,41
5,lam2pjg93q34786t64p,Wed Oct 11 20:37:08 2023,12,37,0,0,54,0,2410,0,0,349,34,0,0,41
4,lam2pjg9mt6kluloqge,Wed Oct 11 17:58:02 2023,0,20,0,13,28,243,2187,39,14,257,0,28,282,41
2,lam2pjg9s6f9ug6bi2,Wed Oct 11 18:45:43 2023,9,40,0,0,23,298,2091,0,0,335,0,17,128,41
1,lam2pjg94p9cyoztfn,Thu Oct 12 02:46:22 2023,16,11,0,0,0,0,2350,0,0,0,0,36,0,41
0,lam2pjg9bkz149hguxg,Thu Oct 12 01:18:36 2023,0,0,44,0,290,0,2250,27,4,241,0,17,0,41
7,lam2pjg9g70u7ixki55,Thu Oct 12 02:36:53 2023,0,37,4,20,432,0,2377,29,15,191,0,0,0,41
15,lam2pjg9k0zbbwktltr,Wed Oct 11 20:17:42 2023,0,34,0,40,409,445,1801,0,30,0,0,0,225,41
14,lam2pjg9bqjtq6t106u,Wed Oct 11 23:10:23 2023,27,32,38,36,51,0,1665,0,0,88,14,29,0,41
17,lam2pjg92z959gonzqf,Thu Oct 12 06:40:10 2023,24,0,0,24,393,154,2191,18,25,194,0,27,0,41
32,lam2pjgagwr1sdav7bu,Thu Oct 12 08:04:21 2023,13,31,0,19,0,7,2107,0,0,184,33,0,462,41
16,lam2pjg9r7kca0r5c3,Wed Oct 11 19:47:34 2023,46,31,28,0,211,63,2172,0,0,28,35,0,217,41
30,lam2pjga0jfk3l6matmn,Wed Oct 11 20:24:16 2023,23,0,49,0,26,0,2120,35,44,0,22,46,0,41
29,lam2pjgawwb0mfxzskc,Thu Oct 12 01:44:59 2023,0,0,31,7,0,138,1730,0,6,0,0,6,0,41
28,lam2pjgaj65ry8f07sq,Wed Oct 11 17:15:56 2023,3,0,0,25,8,0,1621,0,0,438,3,10,197,41
27,lam2pjg9uvvo1lpxf8,Wed Oct 11 19:39:35 2023,0,0,0,47,286,18,2256,0,16,0,35,32,97,41
26,lam2pjg9x2d5vmbjcz,Wed Oct 11 18:32:39 2023,28,0,0,7,0,452,2401,0,44,263,0,0,220,41
31,lam2pjgazddbtqknqpl,Wed Oct 11 22:20:47 2023,44,0,0,36,45,0,1748,0,33,0,47,18,361,41
24,lam2pjg9sbkpzetma5j,Wed Oct 11 17:43:24 2023,0,6,0,0,41,0,1708,12,36,0,5,0,208,41
23,lam2pjg9rsgrehavrz,Wed Oct 11 21:49:45 2023,45,0,45,26,0,479,1645,0,0,6,0,9,0,41
22,lam2pjg976or9rdrhmd,Wed Oct 11 16:57:08 2023,4,33,6,0,44,2,2132,0,0,0,29,35,456,41
21,lam2pjg9ra00mc7fn9p,Thu Oct 12 00:27:15 2023,0,19,0,21,0,0,1812,0,5,224,2,49,36,41
20,lam2pjg90tjinhi306f,Thu Oct 12 06:12:46 2023,0,20,0,20,197,39,1719,9,35,48,3,0,0,41
19,lam2pjg9prd0xqzdvsn,Thu Oct 12 05:52:39 2023,34,0,0,0,0,203,2226,0,39,0,41,16,128,41
18,lam2pjg9ggkqq451hfl,Thu Oct 12 00:03:27 2023,2,7,2,0,36,0,1743,0,33,273,0,0,149,41
25,lam2pjg93e13vae5p4e,Wed Oct 11 21:25:31 2023,12,0,13,0,0,0,2204,36,0,440,0,0,401,41
9,lam2pjgk2lxemrgkvk1,Wed Oct 18 16:35:48 2023,47,4,0,0,6,190,2284,20,0,700,0,0,419,42
8,lam2pjgk9u2apfuq93a,Thu Oct 19 08:38:16 2023,40,0,0,0,256,0,1764,2,0,9,21,0,340,42
7,lam2pjgkfs088nfrnk,Thu Oct 19 05:16:32 2023,31,0,15,0,0,0,2241,29,0,29,0,31,0,42
10,lam2pjgkepzdr5poy2i,Thu Oct 19 05:12:51 2023,0,39,25,0,137,0,1686,9,10,658,0,0,0,42
6,lam2pjgkf7myfyeeej5,Thu Oct 19 02:33:21 2023,49,0,0,0,48,0,2067,0,0,9,14,44,692,42
2,lam2pjgk21f0w6rswx,Thu Oct 19 08:03:24 2023,6,0,0,0,47,0,2136,0,0,785,20,44,77,42
4,lam2pjgkvrmi51pr9sf,Wed Oct 18 19:51:02 2023,15,0,0,0,0,303,1879,0,0,47,0,20,0,42
3,lam2pjgkrvmrsyz6cl,Wed Oct 18 20:51:55 2023,0,0,17,0,312,616,2429,13,0,40,0,41,0,42
1,lam2pjgkymi35hcqqv,Wed Oct 18 20:33:17 2023,43,31,36,0,570,117,2051,0,0,0,47,20,0,42
0,lam2pjgksdulkpvz2r,Thu Oct 19 00:23:04 2023,0,0,8,0,88,0,2240,11,9,19,0,0,0,42
5,lam2pjgkuqy1c9t1x9f,Thu Oct 19 07:13:12 2023,0,0,19,0,465,377,2263,18,0,19,0,27,798,42
11,lam2pjgkn6h9fn7nei,Thu Oct 19 03:49:14 2023,0,0,37,0,43,0,1885,0,31,44,45,34,441,42
17,lam2pjgk9coshl5suhm,Wed Oct 18 22:26:08 2023,0,1,14,37,671,207,1990,21,0,31,49,0,312,42
13,lam2pjgkcykn431iw3j,Thu Oct 19 04:53:28 2023,14,4,0,0,26,215,2237,8,28,25,0,0,0,42
12,lam2pjgkmn40x4i1w7e,Wed Oct 18 20:11:15 2023,48,43,0,3,391,397,2449,0,0,607,13,19,0,42
24,lam2pjgkjfs3572lu7n,Thu Oct 19 07:31:19 2023,0,0,0,23,97,489,1987,0,34,95,4,0,90,42
23,lam2pjgk95qvp4j4x8,Wed Oct 18 23:00:47 2023,0,29,0,44,450,339,1680,20,0,0,0,0,0,42
21,lam2pjgkax5ph02vw7,Thu Oct 19 05:00:04 2023,0,0,29,20,0,0,1917,2,0,20,32,0,0,42
20,lam2pjgkuyp1i3ksndk,Thu Oct 19 08:28:35 2023,45,19,27,0,547,0,1954,0,23,4,15,0,499,42
22,lam2pjgk0tdsyxjuz76c,Wed Oct 18 22:08:14 2023,40,0,0,0,122,640,2183,0,24,328,0,0,0,42
18,lam2pjgkrvjttk9ue0r,Thu Oct 19 06:50:01 2023,41,5,0,0,622,30,2466,0,13,25,0,4,0,42
16,lam2pjgkmhm2mf3f2g,Thu Oct 19 02:23:22 2023,45,11,13,0,151,497,2035,9,10,448,0,0,187,42
15,lam2pjgkaxeeknsn1qc,Wed Oct 18 18:38:02 2023,48,1,0,0,0,0,1895,0,0,762,0,32,0,42
14,lam2pjgk07mebwuc1nzj,Thu Oct 19 05:39:22 2023,0,0,3,13,648,0,1722,0,31,635,0,7,31,42
19,lam2pjgk0vgcueribo6g,Thu Oct 19 03:57:48 2023,34,26,43,36,548,36,1709,0,0,563,2,0,53,42
7,lam2pjgxiph00aenzf,Wed Oct 25 16:29:17 2023,0,0,25,0,1043,365,2053,28,0,941,0,1,412,43
10,lam2pjgx3cr7wyc5dju,Thu Oct 26 03:15:25 2023,22,0,11,34,842,0,1914,38,0,996,0,24,0,43
9,lam2pjgxsq733ol9k9n,Wed Oct 25 17:15:24 2023,0,0,0,17,865,0,2427,0,2,879,0,0,0,43
8,lam2pjgxsdca88l0vxl,Wed Oct 25 18:11:54 2023,0,0,5,0,0,855,2112,0,0,41,0,12,0,43
6,lam2pjgx6hi027j2bbd,Wed Oct 25 23:10:16 2023,0,7,0,0,43,0,2334,1,10,15,0,0,989,43
0,lam2pjgxmku1jfhn3qe,Wed Oct 25 18:40:00 2023,0,38,0,14,430,1057,1764,0,31,699,0,0,0,43
4,lam2pjgxeudkhkrtb8,Wed Oct 25 21:45:15 2023,13,40,46,0,942,0,2425,25,44,330,10,43,595,43
3,lam2pjgxztkw2pfea1e,Wed Oct 25 23:42:01 2023,10,0,0,0,658,0,1880,0,29,1085,0,0,899,43
2,lam2pjgxpdmtw1iwrz,Thu Oct 26 02:04:15 2023,0,0,29,18,422,0,2070,0,0,1088,24,43,0,43
1,lam2pjgxfsxjps01on6,Wed Oct 25 20:49:34 2023,36,37,0,19,1031,661,1966,0,0,960,26,0,0,43
11,lam2pjgx5lyen2xodv5,Wed Oct 25 20:42:55 2023,0,14,35,0,575,0,1926,0,9,720,25,0,573,43
5,lam2pjgxpidw4dvb6z,Thu Oct 26 06:35:52 2023,0,0,38,43,1079,881,2139,45,0,0,0,0,0,43
12,lam2pjgxkiw004a64k,Thu Oct 26 03:43:38 2023,0,23,2,0,20,0,2129,0,37,900,11,41,765,43
14,lam2pjgx5su6o0315gk,Thu Oct 26 08:07:11 2023,0,0,0,23,40,0,2305,0,0,0,26,0,570,43
25,lam2pjgxkacn1wo4n6,Thu Oct 26 07:02:21 2023,0,36,0,0,0,392,2285,0,11,0,0,0,407,43
27,lam2pjgyq74pww1exk8,Thu Oct 26 00:16:30 2023,25,0,42,47,1013,0,2404,0,0,0,0,0,0,43
26,lam2pjgyc9m9ed8rnu,Thu Oct 26 02:06:11 2023,23,0,0,20,4,760,2385,0,0,823,19,6,414,43
13,lam2pjgxgn37n6zi8ji,Thu Oct 26 02:34:46 2023,33,29,0,0,417,472,2416,4,0,11,11,0,0,43
24,lam2pjgxr2azwfzufvp,Wed Oct 25 20:01:15 2023,0,0,0,0,0,320,2152,49,0,29,38,20,800,43
23,lam2pjgxd6a715xm5w4,Thu Oct 26 00:39:16 2023,35,27,47,0,403,0,2364,0,0,0,0,0,1069,43
21,lam2pjgxrp1fg3mbj0e,Wed Oct 25 23:21:04 2023,0,0,30,3,687,0,1994,0,2,19,0,24,645,43
22,lam2pjgxd07cxbnxfrf,Wed Oct 25 20:49:52 2023,49,0,1,19,393,0,1847,15,0,45,0,28,0,43
19,lam2pjgxc4nxmhro2fp,Wed Oct 25 17:23:55 2023,24,0,0,0,577,0,2399,41,22,44,0,30,830,43
18,lam2pjgxgg34gvxm44,Wed Oct 25 17:03:41 2023,0,17,0,18,327,767,1799,37,0,0,0,21,0,43
17,lam2pjgxh4yyp4tgcw5,Wed Oct 25 19:04:31 2023,24,32,0,27,820,976,2447,3,22,43,0,12,0,43
16,lam2pjgx7td643fd0ik,Thu Oct 26 04:14:36 2023,46,0,26,3,621,306,1715,0,0,412,0,0,0,43
15,lam2pjgx91j8ynfis3v,Wed Oct 25 18:16:45 2023,3,0,0,1,39,0,1702,0,14,882,0,13,1027,43
20,lam2pjgx6ychdovfxrf,Wed Oct 25 22:16:29 2023,0,0,0,0,1059,915,2082,43,0,646,0,19,527,43
5,lam2pjhcbgiajk6fer6,Wed Nov  1 20:53:56 2023,0,12,0,38,181,0,2163,0,13,40,0,7,0,44
6,lam2pjhced1gy6v0bp,Thu Nov  2 08:49:38 2023,0,42,48,29,0,0,1851,48,15,0,12,5,462,44
4,lam2pjhc5wiyuafwbg3,Wed Nov  1 18:42:34 2023,0,33,0,20,35,137,1869,32,0,318,0,0,503,44
7,lam2pjhclzpbm1l5ak,Wed Nov  1 17:19:52 2023,47,0,15,1,663,651,2018,0,25,41,13,49,206,44
2,lam2pjhcng0jew4lh6e,Thu Nov  2 07:30:53 2023,7,0,0,11,118,0,1737,25,24,41,0,31,494,44
1,lam2pjhcut4blh0sn4b,Thu Nov  2 03:30:10 2023,5,0,0,0,350,604,2383,41,31,5,0,0,0,44
0,lam2pjhcypexthdm5ys,Thu Nov  2 03:33:52 2023,1,45,18,0,14,752,2187,0,48,649,0,6,0,44
3,lam2pjhccazp00jxre,Thu Nov  2 03:47:00 2023,0,6,0,8,5,0,2122,20,0,45,37,0,670,44
8,lam2pjhcz881s1t5on8,Wed Nov  1 17:29:34 2023,0,0,0,23,425,615,1706,3,2,753,0,27,0,44
11,lam2pjhcc7ml80oalyh,Wed Nov  1 22:20:37 2023,0,47,33,20,3,384,1736,5,8,34,26,33,413,44
10,lam2pjhcmcaux8oj6fm,Thu Nov  2 00:45:46 2023,17,0,17,0,297,407,2100,0,4,33,25,0,33,44
18,lam2pjhcsayb5jwueqj,Wed Nov  1 18:09:36 2023,25,38,6,0,1,0,1747,43,0,21,0,0,743,44
12,lam2pjhc1v4sp208c7p,Wed Nov  1 23:10:00 2023,0,0,46,38,495,0,2448,3,47,1,36,0,561,44
13,lam2pjhc15j2l8g7zfy,Thu Nov  2 08:48:36 2023,0,34,0,0,29,650,2405,15,0,428,0,0,0,44
14,lam2pjhcn4pc143n4bp,Thu Nov  2 02:37:28 2023,44,0,47,0,0,0,2167,0,3,28,39,0,482,44
15,lam2pjhcgjqrnxuh5r7,Thu Nov  2 03:43:00 2023,13,0,21,0,4,714,1708,0,0,477,0,0,10,44
16,lam2pjhc6cir3a7l6yo,Thu Nov  2 01:14:07 2023,0,0,22,0,16,0,2239,16,44,0,0,49,0,44
17,lam2pjhcgqxi5reji2t,Thu Nov  2 05:30:05 2023,38,3,45,33,0,0,1877,7,24,40,3,0,0,44
9,lam2pjhc6zubniualao,Thu Nov  2 06:56:55 2023,0,0,7,18,232,504,2212,0,0,45,0,16,0,44
7,lam2pjhntx1c6q8rw6l,Thu Nov  9 01:10:58 2023,15,0,0,42,135,0,1808,36,0,0,0,49,16,45
5,lam2pjhnat16h9dmr68,Wed Nov  8 21:33:00 2023,6,42,0,41,0,220,1769,44,34,42,31,6,0,45
4,lam2pjhnzed9gi6o7jg,Thu Nov  9 04:07:47 2023,19,22,0,30,94,0,1724,0,0,12,40,0,0,45
0,lam2pjhnetwa6jki4h,Wed Nov  8 23:22:23 2023,26,0,0,0,49,474,1991,0,0,49,0,23,102,45
2,lam2pjhnam73iocbaje,Thu Nov  9 03:21:28 2023,4,17,0,0,20,0,2007,17,5,42,17,14,366,45
1,lam2pjhnlwyxkhqya7,Thu Nov  9 05:19:29 2023,43,33,0,0,0,68,2195,25,38,48,0,0,174,45
8,lam2pjhnxb1pt7kboy,Thu Nov  9 06:56:44 2023,0,0,31,0,20,0,2287,41,0,17,0,44,58,45
3,lam2pjhnfax55yn0a8w,Wed Nov  8 18:14:15 2023,40,0,31,0,0,0,2223,0,0,0,6,38,0,45
9,lam2pjhn2fm00zmqdas,Thu Nov  9 06:17:57 2023,5,0,32,25,243,0,2055,0,47,0,0,14,90,45
6,lam2pjhn5xujcng3ans,Thu Nov  9 04:40:15 2023,0,48,0,18,76,263,1887,0,16,101,47,0,0,45
11,lam2pjhn3r5iz98grit,Wed Nov  8 17:34:52 2023,1,0,0,47,9,461,1694,37,0,127,8,0,38,45
12,lam2pjhn85hzr81ydcl,Thu Nov  9 02:24:39 2023,0,0,0,0,0,0,2231,42,0,41,0,49,298,45
13,lam2pjhn1didqu4dn9g,Wed Nov  8 16:54:48 2023,0,0,28,0,0,417,2080,0,0,78,39,0,90,45
14,lam2pjhnm8mzp979lfs,Wed Nov  8 16:46:48 2023,0,13,0,0,275,0,1797,3,0,112,6,40,0,45
15,lam2pjhn8dh8v1hkxn4,Wed Nov  8 18:58:45 2023,48,39,4,0,32,321,1887,45,0,20,0,15,0,45
16,lam2pjhncw8emlwmlj4,Wed Nov  8 17:56:25 2023,0,0,32,0,210,0,2315,0,14,252,0,36,0,45
17,lam2pjhngpzbxgrjk66,Thu Nov  9 01:23:12 2023,1,43,40,0,17,0,2082,0,6,14,48,0,262,45
18,lam2pjhngdmcq0itca,Wed Nov  8 22:34:30 2023,0,0,0,37,222,0,1961,24,41,40,13,8,0,45
19,lam2pjhnrr236tn1xc,Thu Nov  9 06:19:41 2023,2,44,21,10,41,0,2017,6,0,98,0,29,0,45
10,lam2pjhna7otrpqkqfr,Wed Nov  8 22:24:33 2023,15,0,6,0,155,213,1697,13,24,0,5,13,56,45
12,lam2pji2ie9v4wjeto,Wed Nov 15 17:59:13 2023,0,0,0,0,0,210,1676,0,41,335,0,0,627,46
11,lam2pji2zrjeky1b5d9,Thu Nov 16 02:58:16 2023,0,22,19,0,43,124,1864,0,44,285,46,0,0,46
10,lam2pji2k8voi4orabp,Wed Nov 15 17:59:51 2023,0,0,0,16,36,0,1585,0,0,731,30,18,0,46
9,lam2pji2udms4i5ihaq,Thu Nov 16 01:55:32 2023,24,46,42,10,503,0,1935,37,0,2,46,0,452,46
8,lam2pji2medqpqiwfa,Wed Nov 15 22:50:13 2023,0,0,0,8,801,107,2220,0,0,281,49,0,0,46
7,lam2pji2vcz9kf5t1km,Wed Nov 15 18:49:33 2023,49,30,0,40,0,0,1578,0,0,10,0,0,0,46
2,lam2pji22ycq6es9si5,Wed Nov 15 18:23:19 2023,0,0,47,0,0,0,1748,15,0,537,41,20,554,46
5,lam2pji2sxi6n3rt4tb,Wed Nov 15 23:13:15 2023,44,37,0,18,538,0,1683,0,11,0,0,0,0,46
4,lam2pji2y86nvwsjzbk,Thu Nov 16 05:33:36 2023,37,0,13,6,0,619,1642,0,27,643,0,0,0,46
3,lam2pji2pr1moe3cr5,Thu Nov 16 05:13:12 2023,24,0,16,17,168,0,2351,0,0,511,0,0,0,46
1,lam2pji20um1n22fvt6,Wed Nov 15 20:17:01 2023,17,0,0,0,566,576,2299,0,44,699,0,0,0,46
13,lam2pji23cni0s4u0vu,Wed Nov 15 20:50:43 2023,6,1,29,40,98,0,1854,33,36,0,9,0,376,46
6,lam2pji2qm1d3d6vd7,Wed Nov 15 16:18:54 2023,0,20,0,49,0,481,1918,0,21,46,0,0,411,46
14,lam2pji24f98vricbzo,Thu Nov 16 03:27:15 2023,10,0,39,0,45,717,2016,35,0,325,0,0,0,46
0,lam2pji2whvehieul7s,Wed Nov 15 23:28:54 2023,39,39,0,0,58,10,1811,0,14,685,48,0,0,46
16,lam2pji2i8ihnsajdk,Thu Nov 16 03:23:41 2023,16,24,0,11,311,814,1836,46,23,0,0,4,501,46
29,lam2pji21pha2d9g2ye,Thu Nov 16 08:11:45 2023,0,37,0,0,0,0,1746,0,19,0,17,0,0,46
28,lam2pji2l843o2esoid,Wed Nov 15 23:50:20 2023,0,38,21,32,1,171,2161,41,36,511,0,13,169,46
27,lam2pji2dt8u3p3h835,Thu Nov 16 06:58:17 2023,0,11,5,14,45,0,2259,0,46,0,0,38,38,46
26,lam2pji2x0ake9k57d,Thu Nov 16 01:12:16 2023,0,0,0,12,42,0,1847,0,0,640,0,0,0,46
25,lam2pji2pcr5x3nirjc,Wed Nov 15 16:37:09 2023,0,48,4,0,0,0,1947,28,8,584,41,14,207,46
24,lam2pji28lrhpdpljvf,Wed Nov 15 20:16:47 2023,0,21,38,6,6,432,1656,0,25,480,25,32,794,46
15,lam2pji2f1bs5zy9rbe,Wed Nov 15 18:32:39 2023,13,0,0,13,132,144,1914,49,38,330,39,15,166,46
22,lam2pji2n3rlb49iy2f,Thu Nov 16 02:18:30 2023,0,0,38,0,0,790,1582,0,0,345,0,23,281,46
17,lam2pji2vzbh19lyh5h,Thu Nov 16 08:27:47 2023,0,4,0,38,0,153,1773,33,0,0,2,9,0,46
18,lam2pji2woto07crvh,Thu Nov 16 02:03:41 2023,22,41,36,0,48,0,1937,0,0,187,0,0,258,46
23,lam2pji2ebgm6xno27v,Wed Nov 15 18:51:38 2023,0,0,0,19,601,539,1615,0,0,29,18,0,0,46
20,lam2pji2wnakzfwt25f,Wed Nov 15 19:53:11 2023,0,0,1,39,8,264,2331,0,0,731,0,35,0,46
21,lam2pji2coki8sbaaka,Thu Nov 16 02:27:51 2023,25,48,0,0,28,275,1955,0,0,0,0,0,0,46
19,lam2pji2fbp5auv9aor,Thu Nov 16 02:35:30 2023,0,26,33,47,0,0,1897,18,18,2,0,21,0,46
0,lam2pjiggwp8rh81gq9,Wed Nov 22 17:43:32 2023,0,23,0,0,396,1084,1787,42,22,570,21,0,424,47
1,lam2pjigakpsguql1oc,Wed Nov 22 20:33:26 2023,0,14,0,35,594,0,2100,0,0,0,27,0,367,47
10,lam2pjigtm8qdcv2lsh,Thu Nov 23 04:05:01 2023,5,13,19,0,0,0,2173,47,0,431,21,43,0,47
3,lam2pjigppava827we,Thu Nov 23 06:58:34 2023,33,0,0,0,780,0,2013,0,0,464,0,0,428,47
4,lam2pjig7htu7n0sddo,Thu Nov 23 04:57:38 2023,0,5,28,0,722,0,2190,17,0,966,0,0,0,47
5,lam2pjig94q3m14zhbk,Wed Nov 22 22:55:17 2023,0,0,1,0,410,1074,2043,11,26,0,22,45,0,47
7,lam2pjig42spj89btwn,Wed Nov 22 20:57:02 2023,4,36,0,0,0,0,2136,31,28,0,0,0,0,47
8,lam2pjigdkcerhgmzz5,Thu Nov 23 06:22:34 2023,0,24,40,0,767,0,1616,0,0,585,39,0,416,47
9,lam2pjigtxvk75sfz5,Thu Nov 23 07:56:33 2023,0,0,0,37,520,0,1755,41,0,24,24,46,502,47
11,lam2pjigsudo89dp36,Thu Nov 23 03:25:32 2023,0,33,25,0,567,0,1942,0,41,570,0,0,0,47
2,lam2pjigseitl0vnnaa,Thu Nov 23 03:24:44 2023,0,11,22,0,0,539,1808,0,47,529,0,0,1028,47
13,lam2pjigi9uwuhthd0q,Thu Nov 23 00:42:05 2023,0,0,34,0,37,542,2019,0,0,0,0,0,784,47
12,lam2pjigilqs0k65q2,Thu Nov 23 00:27:33 2023,0,0,0,49,722,1002,1650,8,0,468,31,20,616,47
22,lam2pjige1g6brmubn,Wed Nov 22 18:19:21 2023,3,0,0,0,0,0,1578,0,0,42,30,21,415,47
21,lam2pjig3z6x72zpmxs,Thu Nov 23 05:17:22 2023,13,0,0,1,0,0,2076,37,6,721,0,0,525,47
20,lam2pjighoagnx9f6oa,Thu Nov 23 06:04:40 2023,0,0,7,0,413,891,2023,23,1,848,44,9,0,47
19,lam2pjigx19nfvyw7te,Wed Nov 22 19:30:28 2023,0,0,0,39,811,824,2001,0,0,458,24,0,0,47
6,lam2pjigpe7g3v1rbx,Wed Nov 22 19:00:00 2023,0,0,25,0,0,1032,1754,0,0,587,22,45,0,47
17,lam2pjigihu480kghf8,Thu Nov 23 08:01:59 2023,0,0,0,46,42,0,2061,0,42,396,0,10,0,47
16,lam2pjiga547o7fk34j,Wed Nov 22 18:55:38 2023,0,46,43,36,409,840,1965,7,44,453,0,2,0,47
15,lam2pjigf3i5g0hv0o,Thu Nov 23 01:15:55 2023,0,11,20,0,753,434,2091,0,40,23,0,0,1038,47
14,lam2pjiggdef7ovedho,Thu Nov 23 01:08:07 2023,0,20,0,13,37,0,2115,23,0,541,12,0,915,47
18,lam2pjigza8qa45zcbn,Wed Nov 22 23:58:27 2023,0,0,0,0,0,799,1587,5,0,1058,32,44,1054,47
0,lam2pjitnf8e9n0ryw,Wed Nov 29 18:43:44 2023,0,21,31,31,166,618,2013,0,0,14,7,19,0,48
1,lam2pjitm05at516eje,Wed Nov 29 19:41:27 2023,0,12,13,37,545,0,2065,21,0,0,0,40,681,48
2,lam2pjittar5u01ukyf,Thu Nov 30 07:53:39 2023,0,0,24,39,679,523,1898,0,21,0,35,6,0,48
3,lam2pjitsh8dz85phu,Thu Nov 30 01:50:12 2023,0,27,0,6,0,0,2065,40,21,399,0,0,104,48
4,lam2pjit6osadxjdo1d,Wed Nov 29 22:09:45 2023,34,11,8,17,4,0,1803,0,1,0,0,0,727,48
5,lam2pjitv622pwc5k0a,Thu Nov 30 02:12:34 2023,0,0,15,0,735,762,1432,32,7,231,0,44,281,48
6,lam2pjiti4ia6z1gyv,Wed Nov 29 16:30:04 2023,0,0,0,26,29,319,1728,1,0,0,9,30,153,48
7,lam2pjiuy09rsjd4d5s,Thu Nov 30 03:39:47 2023,39,15,0,11,10,96,2063,0,1,211,42,41,0,48
9,lam2pjiue6v6jyrb55f,Wed Nov 29 20:12:40 2023,20,6,0,0,0,0,1967,0,0,0,1,22,279,48
11,lam2pjiuf3wtccvzs3,Wed Nov 29 23:06:39 2023,12,0,0,34,735,0,1719,0,16,3,41,0,0,48
12,lam2pjiu9sotebuittr,Wed Nov 29 19:05:26 2023,0,24,0,0,0,563,1858,0,0,42,0,0,783,48
13,lam2pjiudlcfajtmwlw,Wed Nov 29 21:30:07 2023,0,8,15,0,481,478,1666,29,0,30,13,0,375,48
14,lam2pjiuh4aqxyqrfft,Thu Nov 30 08:49:01 2023,0,0,25,0,0,0,1972,0,0,0,0,0,0,48
15,lam2pjiuzavw3dnajvb,Thu Nov 30 00:45:38 2023,18,0,0,0,720,764,1901,6,36,23,0,0,738,48
16,lam2pjiu3fi8pzup3xi,Thu Nov 30 05:21:59 2023,38,0,36,0,560,0,1838,40,0,684,34,0,641,48
8,lam2pjiuxnekieq6wy,Wed Nov 29 20:59:49 2023,0,0,36,6,30,0,2090,0,4,794,42,0,0,48
10,lam2pjiuih1y2u363as,Thu Nov 30 01:56:31 2023,0,48,0,19,43,573,1790,3,0,0,11,0,763,48
5,lam2pjj8oqrjltopth,Thu Dec  7 07:28:35 2023,3,0,0,46,0,126,1459,0,24,0,0,7,398,49
0,lam2pjj8vmz65q3xxd,Thu Dec  7 08:12:44 2023,0,48,39,0,5,98,1287,0,0,147,23,3,0,49
1,lam2pjj8enodvsdfrh,Wed Dec  6 22:08:12 2023,0,28,0,0,42,0,1715,11,0,0,6,19,0,49
2,lam2pjj8bn6oe5snov7,Thu Dec  7 00:12:20 2023,7,21,23,41,0,0,1279,0,0,119,0,10,245,49
3,lam2pjj837wp1a9546,Wed Dec  6 19:31:22 2023,3,0,6,0,0,213,2018,4,0,109,16,0,274,49
4,lam2pjj8t3glaay64ns,Thu Dec  7 01:39:28 2023,36,18,0,5,0,92,1723,0,0,0,0,49,0,49
6,lam2pjj8tais65yxv1,Wed Dec  6 19:02:38 2023,0,0,0,3,12,430,1882,34,0,0,14,33,0,49
8,lam2pjj85pp7rt6lvee,Wed Dec  6 19:59:19 2023,0,30,0,0,0,218,1504,0,0,60,0,0,450,49
9,lam2pjj830i46octa3h,Thu Dec  7 00:55:54 2023,0,25,7,0,14,0,1800,0,0,57,0,0,267,49
10,lam2pjj8t000astzx2,Thu Dec  7 05:31:35 2023,42,0,0,10,0,370,1267,0,14,20,9,0,204,49
11,lam2pjj89imlceo2dh8,Thu Dec  7 04:44:26 2023,29,0,0,0,9,0,1901,0,0,51,44,0,0,49
12,lam2pjj830s2euqygbz,Wed Dec  6 20:02:01 2023,0,8,30,6,390,0,1566,0,0,47,41,5,60,49
7,lam2pjj87jypu8eeybx,Wed Dec  6 17:48:05 2023,29,0,49,38,0,90,1606,0,0,3,26,0,0,49
1,lam2pjjm3xe5sru5fcb,Thu Dec 14 06:23:30 2023,0,0,0,0,0,532,1573,19,41,728,0,10,0,50
0,lam2pjjm9il9tubl97t,Thu Dec 14 05:47:42 2023,41,28,0,0,0,0,1835,21,0,32,17,46,486,50
3,lam2pjjmvmiiy2lyt5c,Thu Dec 14 08:19:13 2023,46,29,0,0,13,0,1711,0,0,0,0,10,0,50
2,lam2pjjmeo0kwz90c38,Wed Dec 13 21:14:46 2023,0,18,0,0,686,657,1597,7,12,0,19,0,0,50
7,lam2pjk0vcwf19myxij,Thu Dec 21 07:53:09 2023,11,0,29,0,24,708,1206,0,12,0,20,44,983,51
0,lam2pjk09cqvhoe289k,Thu Dec 21 04:49:05 2023,34,38,19,3,1050,702,1651,0,36,0,0,3,1032,51
1,lam2pjk0vbg97djl9z,Wed Dec 20 19:45:51 2023,0,46,0,14,47,0,1354,0,36,1050,0,2,608,51
2,lam2pjk0i1egznjtjjj,Wed Dec 20 19:06:57 2023,0,10,41,0,487,511,1316,2,25,0,3,0,779,51
3,lam2pjk0jc6rb5xx4on,Wed Dec 20 18:46:29 2023,21,17,19,0,615,0,1707,0,0,0,0,18,0,51
4,lam2pjk0qjijr5gbc5r,Thu Dec 21 07:32:04 2023,47,23,46,14,326,0,1036,0,0,45,42,0,803,51
5,lam2pjk0i6dlky7hi7a,Thu Dec 21 06:47:02 2023,0,0,0,0,32,895,1592,37,0,0,12,0,0,51
8,lam2pjk0d0f7z0lvmqk,Thu Dec 21 01:43:15 2023,0,0,0,0,0,654,1753,44,0,820,25,0,367,51
6,lam2pjk0wmfzpqiiho,Thu Dec 21 07:06:20 2023,40,0,40,10,640,0,997,35,0,321,36,1,0,51
10,lam2pjk0n2738yger7q,Thu Dec 21 04:10:32 2023,18,0,0,0,735,380,1071,45,0,44,0,36,652,51
11,lam2pjk0bkrzrb6m3bm,Thu Dec 21 04:53:25 2023,0,0,0,0,0,0,1287,0,16,1093,23,0,397,51
12,lam2pjk0inhlbgyggvo,Wed Dec 20 19:18:43 2023,48,47,2,19,40,994,1173,0,0,909,2,0,0,51
13,lam2pjk0wai10eye27i,Thu Dec 21 06:36:24 2023,0,0,42,0,24,0,1223,0,17,0,0,0,311,51
14,lam2pjk0gv1linvx7n4,Thu Dec 21 05:50:52 2023,47,4,17,24,0,673,1778,4,0,0,44,0,0,51
15,lam2pjk0d9p89fe6cv6,Thu Dec 21 04:05:27 2023,0,9,0,0,1063,520,1406,29,0,397,0,13,0,51
16,lam2pjk0cvh1vcm1pci,Thu Dec 21 08:43:11 2023,19,0,25,0,8,0,1086,0,0,430,0,31,612,51
17,lam2pjk0041dhayg9py7,Thu Dec 21 01:45:06 2023,7,35,10,0,459,1089,1251,0,29,669,0,39,416,51
9,lam2pjk0yaf5xpvao0e,Thu Dec 21 03:59:39 2023,38,46,4,0,0,396,1531,0,0,38,0,30,883,51
12,lam2pjkgr1rgrtjrsw,Thu Dec 28 08:26:44 2023,49,0,47,0,30,715,1466,48,0,0,13,0,0,52
11,lam2pjkgr6d07qbvllh,Wed Dec 27 16:22:52 2023,35,0,16,0,17,0,1553,0,49,499,10,0,92,52
10,lam2pjkgrfbzvemk0rh,Wed Dec 27 20:28:12 2023,32,10,21,23,112,0,1338,0,0,8,0,0,91,52
9,lam2pjkgem4rqlpl43s,Wed Dec 27 16:39:07 2023,0,0,0,2,1,662,1252,11,0,267,18,0,0,52
8,lam2pjkgj67bnonboh,Thu Dec 28 02:10:06 2023,0,16,46,0,207,0,1325,0,35,0,0,4,0,52
7,lam2pjkgwqtswxbxioi,Thu Dec 28 00:46:20 2023,0,0,0,40,97,572,1211,0,21,0,24,26,766,52
3,lam2pjkg3o9hzv3yhd3,Thu Dec 28 08:21:44 2023,38,2,10,13,34,0,976,15,0,23,0,38,0,52
5,lam2pjkggi5dj885ele,Wed Dec 27 23:11:05 2023,16,31,24,10,577,0,967,25,0,0,0,0,234,52
4,lam2pjkg72e6h4ymljw,Thu Dec 28 01:25:46 2023,25,0,0,0,643,415,907,16,0,19,39,0,265,52
2,lam2pjkg341s1puntp5,Wed Dec 27 21:25:57 2023,0,31,44,23,0,0,1639,0,0,203,27,0,0,52
1,lam2pjkgy8txc4avy0p,Wed Dec 27 23:47:30 2023,0,46,0,0,44,0,915,26,2,3,0,0,0,52
13,lam2pjkgiompc227wb,Wed Dec 27 21:32:02 2023,45,0,30,49,0,0,1353,0,17,0,12,8,363,52
6,lam2pjkggxtbej01tq,Thu Dec 28 02:35:43 2023,0,0,15,0,729,0,1021,17,0,29,0,25,276,52
14,lam2pjkggp9t5fzw8fj,Wed Dec 27 21:42:25 2023,0,15,0,17,549,0,1674,48,0,43,0,49,579,52
28,lam2pjkhmzv36fhbydp,Wed Dec 27 18:18:09 2023,0,46,29,0,463,719,1405,0,33,558,23,0,274,52
16,lam2pjkgqtqj3gk1c6e,Thu Dec 28 00:38:02 2023,0,18,0,45,23,0,1635,21,0,126,0,10,0,52
17,lam2pjkg8fd0mcoybpx,Thu Dec 28 03:01:01 2023,5,14,0,0,0,222,1022,0,0,467,41,0,0,52
18,lam2pjkgh9b09ls983t,Thu Dec 28 04:33:40 2023,7,0,40,33,67,0,1254,0,33,741,22,42,614,52
19,lam2pjkh1fkrnnl0slg,Thu Dec 28 04:33:51 2023,0,47,25,0,651,492,1684,0,44,0,0,1,74,52
20,lam2pjkhco0khrdgvmt,Thu Dec 28 04:06:25 2023,4,25,43,48,594,0,1496,0,0,0,17,29,0,52
21,lam2pjkh4t87i3dm3o,Wed Dec 27 21:51:27 2023,4,0,0,14,579,0,1040,28,36,48,26,0,538,52
22,lam2pjkh3jnf9wdixoq,Thu Dec 28 03:30:02 2023,35,0,0,49,131,0,1409,0,26,30,9,0,0,52
23,lam2pjkhjrwi2pyoj2m,Thu Dec 28 07:33:39 2023,0,0,35,0,4,0,1208,0,4,493,48,2,0,52
24,lam2pjkhdmys7sra5t,Wed Dec 27 20:43:11 2023,0,0,43,0,784,367,1170,0,0,6,0,0,0,52
25,lam2pjkhx16gitqy0wd,Thu Dec 28 00:49:54 2023,0,0,18,0,242,163,1473,45,19,47,27,0,149,52
26,lam2pjkhivhqm3uor1b,Wed Dec 27 21:42:46 2023,0,0,0,0,267,226,1161,0,0,537,0,0,214,52
27,lam2pjkhw0hlhfaqq3p,Thu Dec 28 07:54:53 2023,0,47,20,0,347,225,1351,0,0,28,35,32,728,52
29,lam2pjkhnslb10ywc7d,Thu Dec 28 04:17:09 2023,26,0,32,0,0,440,1358,0,0,37,18,0,0,52
30,lam2pjkhqpfhjkq5qw,Thu Dec 28 06:19:02 2023,16,0,0,29,83,108,1199,21,30,19,44,0,756,52
15,lam2pjkgn0crdy6wai,Wed Dec 27 18:50:50 2023,44,16,46,43,20,0,1320,6,19,40,49,0,37,52
0,lam2pjkgfwn5kmgv5qb,Thu Dec 28 06:18:23 2023,19,45,41,9,64,352,1637,0,0,0,0,0,0,52
