id,date,prod_03,prod_06,prod_09,prod_10,prod_15,prod_00,prod_01,prod_07,prod_08,prod_11,prod_02,prod_05,prod_04,semana
lan0qn0g2fm4kln1edf,2023-01-05 07:03:25.381372,0,0,56,123,1692,20,7,15,109,0,0,42,47,1
lan0qn0fmereei88kd,2023-01-05 02:14:44.482998,0,0,138,46,1658,6,24,0,0,297,22,0,0,1
lan0qn0fjyie6lz56tr,2023-01-04 16:31:49.727673,0,0,0,0,1048,36,32,29,0,0,48,27,49,1
lan0qn0f5z71pydv4qa,2023-01-04 22:09:48.827570,0,0,172,157,1683,0,8,0,469,108,11,0,4,1
lan0qn0ft8epn5jwyf,2023-01-04 19:32:14.932517,12,16,13,457,1038,0,0,32,10,46,0,30,5,1
lan0qn0fancmcsor6xm,2023-01-04 23:32:54.644699,0,0,4,100,1256,41,0,21,313,365,38,0,33,1
lan0qn0fzzqm1g2rbdq,2023-01-04 18:14:53.151898,0,20,0,0,982,16,0,0,95,0,11,0,0,1
lan0qn0fkgf17owa59c,2023-01-04 18:17:05.199303,0,0,0,0,1441,0,0,22,373,0,0,18,0,1
lan0qn0fvdrk5qf8tvp,2023-01-05 07:40:04.274046,0,0,444,204,1293,47,0,7,39,279,49,0,0,1
lan0qn0f8qwgsrrkh5l,2023-01-04 19:17:30.288371,28,15,127,0,1499,0,21,22,98,0,0,0,3,1
lan0qn0fwg2j3xuwn4,2023-01-05 06:43:41.844611,22,0,421,435,1302,0,24,4,197,108,11,31,0,1
lan0qn0fpn78x3n7ik,2023-01-05 02:07:51.899216,0,0,0,148,1509,0,0,47,76,0,0,0,15,1
lan0qn0f6hadlkkhx2a,2023-01-04 17:24:39.214347,45,38,249,385,1110,0,43,0,425,0,0,0,0,1
lan0qn0g11dsfek5rze8,2023-01-05 00:24:25.381892,0,0,335,0,1102,0,45,12,57,295,36,1,9,1
lan0qn0fijxdb7ybowr,2023-01-05 02:16:06.059352,0,14,23,0,1362,0,41,16,415,0,32,31,0,1
lan0qn0f8fgx1w3y7c,2023-01-04 18:05:26.415131,0,0,218,0,1039,0,0,16,271,0,14,47,46,1
lan0qn0f71neusjt4nh,2023-01-04 21:19:52.539510,16,0,0,0,1365,0,45,0,28,0,21,0,31,1
lan0qn0fye2ikxkii1e,2023-01-05 00:55:52.652069,40,28,39,466,1052,0,0,0,187,0,0,0,0,1
lan0qn0fv7zzn7whht,2023-01-05 06:47:12.148986,0,11,55,17,998,0,0,0,65,224,0,0,35,1
lan0qn0g164kh4a3xon,2023-01-05 05:01:02.897413,0,0,34,0,1153,39,1,4,89,0,7,11,38,1
lan0qn0g924wrao8uzt,2023-01-04 17:10:05.036215,0,48,13,170,1198,0,49,25,158,0,25,48,0,1
lan0qn0ggv8wzbbbz35,2023-01-04 19:09:37.730586,0,0,227,0,1257,41,6,42,147,0,0,40,0,1
lan0qn0gr1ufthsflqf,2023-01-04 21:38:45.293115,18,0,323,179,1396,0,6,33,30,258,42,29,19,1
lan0qn0g7v1jwdpbkzr,2023-01-04 22:06:42.799893,5,0,323,0,1630,0,0,4,0,85,0,41,47,1
lan0qn0gxspsqc3kb9j,2023-01-05 07:45:29.188849,0,0,0,139,1220,0,0,0,174,0,16,0,8,1
lan0qn0fqle0o5ur8x,2023-01-04 21:55:39.744898,4,0,41,253,1027,0,0,0,0,0,8,46,0,1
lan0qn0tedlkcc7k9ef,2023-01-11 20:54:27.137011,31,0,0,0,821,7,35,34,29,0,0,35,0,2
lan0qn0t03oyngx4ykoj,2023-01-11 18:00:08.473511,5,9,0,0,1393,0,6,0,0,456,7,0,27,2
lan0qn0t3lqvpaidfo8,2023-01-11 21:42:26.437339,37,0,549,0,1272,0,0,0,179,292,0,0,26,2
lan0qn0tc849h0sqbuf,2023-01-11 18:48:32.260459,45,15,558,0,1232,22,0,0,373,19,13,0,35,2
lan0qn0todef32o3zqn,2023-01-11 21:40:01.621612,47,32,0,0,1357,11,28,0,473,787,0,9,0,2
lan0qn0tsj9amhaw1cp,2023-01-12 05:40:09.539853,0,0,437,697,1444,25,10,49,0,78,0,18,0,2
lan0qn0tx1utdmofj8c,2023-01-12 02:52:30.001192,30,0,21,0,1356,0,33,0,4,0,0,13,33,2
lan0qn19br1p2xr9buc,2023-01-19 06:56:52.519779,0,43,733,699,1133,30,0,0,709,581,23,3,0,3
lan0qn19ssmsp7j0o6,2023-01-19 01:25:13.907094,0,0,8,993,1029,1,0,19,932,0,0,0,28,3
lan0qn19u4q5h7pkh99,2023-01-19 07:14:00.505009,0,41,0,0,1477,39,18,0,888,480,0,0,13,3
lan0qn19s7l4h7dg8sr,2023-01-18 17:35:53.699494,0,35,4,573,1400,0,36,28,785,671,0,0,0,3
lan0qn19t0z747jg2w,2023-01-18 21:11:17.966027,44,4,441,0,1189,0,15,18,0,0,0,0,17,3
lan0qn193xh50t3cnqs,2023-01-18 23:35:10.840364,0,0,0,617,840,0,41,0,25,938,0,4,0,3
lan0qn194botq6xewbm,2023-01-18 18:45:12.312282,0,11,0,0,1382,0,0,0,0,563,23,21,0,3
lan0qn1a6d10voubxm8,2023-01-18 20:55:51.692700,0,0,736,0,1358,0,0,47,2,925,40,7,0,3
lan0qn1at09dgdhra6f,2023-01-18 23:53:28.208358,0,0,964,558,1457,0,35,11,881,506,44,0,14,3
lan0qn1apmmvrtmulq,2023-01-18 18:48:51.116642,40,32,656,0,1144,19,0,16,910,768,48,0,15,3
lan0qn1ac5fzg80ue3k,2023-01-18 23:56:36.681086,0,0,360,442,1239,44,0,0,756,327,21,0,31,3
lan0qn1afmqzbn1egc,2023-01-19 02:52:37.783266,22,0,904,515,1035,18,0,0,0,848,12,0,0,3
lan0qn1amwf9jtcnxn,2023-01-18 22:54:23.645692,0,30,45,618,895,0,0,0,963,308,34,0,47,3
lan0qn1addwnclk5pgq,2023-01-19 01:52:02.327041,0,0,467,0,1383,0,0,0,593,0,0,0,47,3
lan0qn19s3nwojzn87,2023-01-18 17:15:56.712436,38,28,468,1028,1060,2,16,36,9,617,0,4,0,3
lan0qn1qyl3ncsjodv,2023-01-26 07:23:56.130743,36,0,164,661,932,20,0,0,569,344,0,35,8,4
lan0qn1q4gegwb5yema,2023-01-26 01:13:43.181246,0,22,13,0,1106,9,0,4,620,0,21,0,15,4
lan0qn1qn6cld86ae9,2023-01-25 20:38:14.687681,25,0,488,611,1170,39,0,23,0,626,14,0,16,4
lan0qn1qg79xsll2gw,2023-01-26 04:45:59.324507,7,0,589,0,1125,18,0,0,24,740,30,30,12,4
lan0qn1ph8ts08pibnp,2023-01-25 19:24:09.758340,0,10,9,313,866,43,0,0,0,0,0,0,13,4
lan0qn1qxt80txavl7e,2023-01-25 21:43:48.141795,10,0,549,165,1181,0,0,0,119,0,33,0,10,4
lan0qn1p80gbqfdl3xa,2023-01-26 05:22:19.702361,0,0,11,736,809,0,45,22,0,0,0,0,30,4
lan0qn1pdxwggjjfn0t,2023-01-26 04:08:08.342072,0,0,0,12,1015,0,0,36,0,0,46,2,37,4
lan0qn1qalqkd4bfzvj,2023-01-25 21:50:56.271902,0,0,0,0,1024,6,28,0,107,0,15,0,41,4
lan0qn1qcihbuyrenaw,2023-01-25 16:24:16.465127,0,39,17,0,1227,33,0,26,24,0,0,0,41,4
lan0qn1qqn2hmclpns,2023-01-26 02:00:22.316211,10,44,5,53,865,0,0,0,19,0,45,16,8,4
lan0qn1qwkyq7f9w79,2023-01-26 05:29:40.287816,39,31,0,421,1007,21,0,0,0,32,12,0,0,4
lan0qn1qhdt55n0t6iw,2023-01-26 04:18:37.696094,0,14,5,0,769,1,0,6,567,692,1,39,0,4
lan0qn1q61q8q8rb81,2023-01-25 21:26:27.516303,0,28,0,0,1381,0,23,14,6,0,0,0,49,4
lan0qn1q56qyy9rf26u,2023-01-25 22:54:23.486252,0,0,14,497,888,0,0,0,21,338,44,0,0,4
lan0qn1qicehxh53pj,2023-01-26 05:06:20.608819,11,0,222,399,1057,0,44,0,18,0,42,40,0,4
lan0qn1qx1j2g5zq5vr,2023-01-26 01:57:13.028027,0,0,0,0,776,0,27,0,0,120,22,44,27,4
lan0qn1q2rxththm3i8,2023-01-25 16:54:08.016951,0,27,520,262,1273,44,0,32,22,0,24,0,0,4
lan0qn1q0d6leuzrkb57,2023-01-25 22:07:13.343990,0,26,139,485,1037,0,9,0,0,461,8,0,48,4
lan0qn1qk7se2vqc9bh,2023-01-25 19:43:54.819278,0,21,21,0,991,0,0,39,39,78,0,30,8,4
lan0qn1qhyxw1ldx3dr,2023-01-25 23:50:32.274902,13,0,26,1,613,36,0,17,47,547,0,11,8,4
lan0qn1qac5op6innrf,2023-01-25 22:08:06.274419,5,0,0,401,1345,0,0,0,738,0,0,37,8,4
lan0qn1qia377wa6yjh,2023-01-26 07:00:29.773335,0,0,0,95,950,26,0,0,0,725,11,0,43,4
lan0qn1qhctk2jxtfun,2023-01-26 08:39:21.594608,0,0,0,387,948,47,0,46,0,717,0,0,0,4
lan0qn266huvggww5bn,2023-02-01 21:29:31.565842,0,9,191,285,953,0,13,11,104,231,0,49,41,5
lan0qn25qqc3vwhvw6,2023-02-02 01:22:58.719092,21,27,0,0,936,21,0,17,5,0,0,0,0,5
lan0qn25gb0yufu8tji,2023-02-02 04:53:10.878188,40,0,7,262,726,0,17,0,17,317,0,0,29,5
lan0qn252l4z1nkgqnr,2023-02-01 20:10:04.325022,0,3,43,204,699,31,0,12,477,0,0,25,0,5
lan0qn25n5f1hukm5s,2023-02-02 00:00:05.060804,7,20,395,0,1301,0,45,0,16,0,0,35,0,5
lan0qn253tgtuj8g1z9,2023-02-01 16:38:56.595592,16,19,492,278,803,10,6,0,0,53,1,0,49,5
lan0qn256rr00lj5sgo,2023-02-02 00:20:01.566145,10,0,68,0,1102,5,0,0,20,119,0,0,0,5
lan0qn26hiufmles6w8,2023-02-02 01:22:33.424677,38,41,403,78,1298,0,26,17,36,349,0,11,0,5
lan0qn25jier63y1cen,2023-02-01 21:51:32.430681,0,13,6,0,1185,38,10,45,252,358,0,4,0,5
lan0qn26c73uaj4vsmk,2023-02-02 02:50:14.732973,25,0,187,186,559,0,34,0,0,0,0,0,45,5
lan0qn26tz4dorxl4sa,2023-02-01 22:32:52.112616,0,0,0,86,1240,29,34,0,15,116,45,4,30,5
lan0qn26aokh02lwymq,2023-02-01 20:24:03.145079,0,6,0,0,541,0,0,0,0,81,0,9,1,5
lan0qn26kwuc8rgj5ql,2023-02-02 07:34:56.344304,0,0,252,0,1285,45,2,0,9,0,21,42,0,5
lan0qn262gt817bcmmk,2023-02-02 04:22:39.049249,6,0,0,0,1256,12,5,0,47,273,0,0,0,5
lan0qn26bhcn7t2n9cm,2023-02-01 22:36:01.952932,37,0,125,74,1088,0,27,42,324,0,0,45,47,5
lan0qn263vydn7ltvn6,2023-02-02 04:36:28.624300,27,0,360,0,1306,0,0,0,11,0,0,18,0,5
lan0qn26ivxjh57wlnc,2023-02-01 17:37:19.506259,0,31,0,45,1096,18,0,18,110,132,6,0,18,5
lan0qn262j7cmfe9xw3,2023-02-02 04:07:48.059565,0,0,10,0,671,43,0,0,36,467,5,40,4,5
lan0qn2l08k94koef9so,2023-02-09 05:37:10.767024,0,44,0,97,607,0,0,33,388,670,0,0,17,6
lan0qn2l5143n63jw7m,2023-02-09 03:07:08.581372,44,46,95,253,770,46,0,0,16,475,0,0,44,6
lan0qn2lzfr152avvu,2023-02-09 02:26:28.704121,16,0,329,0,1074,0,17,3,330,752,0,0,0,6
lan0qn2lxygbp3bwvyi,2023-02-08 19:31:32.368538,0,0,14,721,849,17,0,18,40,643,0,30,32,6
lan0qn2lmdp282vzrq9,2023-02-08 19:19:07.875657,15,0,4,557,1233,46,22,16,27,0,21,2,28,6
lan0qn2lu5vwqyd4r69,2023-02-08 21:03:23.130051,0,0,13,200,697,30,0,0,148,38,33,2,0,6
lan0qn2l1rikqe9p1ih,2023-02-08 22:56:03.917326,0,12,603,0,1116,0,22,32,0,0,38,0,2,6
lan0qn2l06g42torrbo4,2023-02-09 05:38:08.841412,11,0,397,568,709,0,48,0,623,448,0,13,0,6
lan0qn30tp0gu44qq3p,2023-02-16 04:44:03.030303,33,39,320,0,858,15,0,0,694,0,34,48,0,7
lan0qn30u291b4wx2qa,2023-02-15 23:32:49.156453,13,0,0,378,1170,36,26,0,46,0,29,0,0,7
lan0qn30tkf3wcy9od,2023-02-16 06:50:59.906018,0,48,43,879,1025,0,19,29,951,0,18,3,0,7
lan0qn306wsl81yyrkc,2023-02-15 21:41:41.220194,0,0,0,0,524,26,4,29,724,0,2,0,48,7
lan0qn30x3n50coumll,2023-02-15 21:14:36.096095,0,0,27,964,977,0,0,36,0,575,0,27,39,7
lan0qn30ss03w4juke,2023-02-16 06:56:40.538599,18,0,917,0,1037,23,0,0,29,0,0,41,29,7
lan0qn304q8vvea3yzl,2023-02-15 19:29:11.776311,29,0,15,0,523,0,0,38,970,365,7,23,0,7
lan0qn302q53e8yp8wa,2023-02-16 04:04:54.509108,0,0,559,1060,816,32,20,0,0,1067,27,0,30,7
lan0qn30px9jf5lmmes,2023-02-16 01:40:06.820163,0,0,17,627,1204,33,3,42,0,769,10,42,0,7
lan0qn307a4ky3e7z7,2023-02-15 21:03:37.241627,16,0,1062,645,682,20,22,39,370,0,45,0,21,7
lan0qn3043hsbzgr4sy,2023-02-16 08:41:38.394122,9,31,444,0,529,0,43,0,0,1040,0,17,49,7
lan0qn30ctt9whrrpz,2023-02-16 04:03:48.800320,6,0,0,700,814,17,0,0,0,1093,32,0,11,7
lan0qn30ii1nwfkpu8d,2023-02-15 20:15:06.289640,0,0,1010,0,1206,15,14,29,0,0,29,28,0,7
lan0qn30oq3auif4v2a,2023-02-15 19:48:09.702330,12,16,670,0,1073,16,0,14,733,833,49,0,11,7
lan0qn30htya55p8cr6,2023-02-16 08:31:31.812508,29,26,19,0,564,43,0,25,615,0,0,0,26,7
lan0qn30b1tr0x3d2rh,2023-02-15 22:28:34.109745,17,0,0,1048,789,0,0,26,8,0,48,42,0,7
lan0qn30loaez831ay,2023-02-16 01:29:57.026271,8,0,16,1069,1056,0,0,17,0,0,0,39,0,7
lan0qn30txsy6x5v84g,2023-02-15 18:55:28.633789,25,0,678,0,629,17,15,34,31,0,37,0,27,7
lan0qn30era9pfykrou,2023-02-15 16:54:10.774197,4,0,767,0,1215,16,0,0,894,581,0,0,10,7
lan0qn3070vd8jensff,2023-02-15 17:46:47.261749,0,0,313,0,613,0,37,42,49,681,0,0,0,7
lan0qn3048zrxbaxnfo,2023-02-15 18:27:11.506272,30,0,603,380,706,0,14,18,0,0,11,34,0,7
lan0qn30my13xofwq5,2023-02-16 01:24:28.095627,0,12,0,0,971,24,3,39,619,440,0,0,0,7
lan0qn30mkovww00hye,2023-02-15 18:06:05.736433,47,0,0,0,1179,0,0,22,33,529,9,45,0,7
lan0qn30iatmu44aoq,2023-02-15 17:14:50.819277,49,0,798,0,985,12,23,39,1010,707,23,0,0,7
lan0qn30phkvcvi4g2m,2023-02-16 02:50:47.696559,0,0,0,713,1085,0,0,0,11,0,0,0,0,7
lan0qn30nufrqsvs9kh,2023-02-15 16:48:44.467218,45,32,365,0,684,0,0,22,47,694,34,0,0,7
lan0qn30pcr6oqipjnm,2023-02-16 08:08:34.622311,42,24,413,709,1115,0,0,31,488,387,0,30,41,7
lan0qn30od5hcrgbc7,2023-02-15 17:41:02.904547,0,27,884,400,804,0,46,0,2,0,48,0,0,7
lan0qn30fkcv40muabw,2023-02-16 04:40:54.104710,0,37,450,376,1145,0,41,16,549,0,26,0,41,7
lan0qn306v7vjfn2t5u,2023-02-16 08:20:54.481370,35,33,402,775,556,23,35,0,657,0,0,0,1,7
lan0qn302dsmv9m3oxe,2023-02-15 18:52:04.012436,0,0,343,0,703,0,1,43,1033,0,0,6,18,7
lan0qn30a4sdu5cbyhe,2023-02-16 05:19:43.872227,25,0,1019,0,1066,49,0,0,0,0,0,11,0,7
lan0qn30rh3x6kbumnf,2023-02-15 17:10:13.230471,0,0,2,584,930,0,1,0,733,0,38,0,0,7
lan0qn30vmpa61ep1j,2023-02-16 00:04:31.300963,45,40,941,0,1162,0,15,38,0,0,0,22,41,7
lan0qn30qzwz4345mjc,2023-02-16 00:30:50.764580,0,0,28,0,769,0,32,0,336,761,0,15,30,7
lan0qn3gha32wtkj49f,2023-02-23 07:49:37.400806,0,0,0,0,869,0,0,0,455,0,38,20,0,8
lan0qn3g04ihgqphybk5,2023-02-22 22:22:50.958146,0,29,228,0,1099,13,14,15,17,0,0,23,7,8
lan0qn3gmu86v6f5xab,2023-02-22 22:18:04.684342,0,46,283,0,884,0,24,0,49,766,0,0,0,8
lan0qn3grwlz8ywzz8i,2023-02-22 23:20:23.811016,0,0,14,95,1164,2,0,30,7,0,36,0,0,8
lan0qn3gjjztpuoq97m,2023-02-22 19:50:12.496326,0,0,29,0,1105,49,0,23,23,0,3,0,0,8
lan0qn3ghnxqlsygyn8,2023-02-23 06:42:24.679221,0,26,231,702,731,42,0,0,530,0,0,41,0,8
lan0qn3g6id7rgghhk,2023-02-22 21:40:03.707233,8,0,101,321,1053,48,18,0,32,792,0,34,7,8
lan0qn3gi0e7q5xpv4b,2023-02-23 00:08:36.636260,16,0,24,0,899,48,20,0,367,0,0,0,11,8
lan0qn3frial4chixdd,2023-02-23 00:26:51.783739,13,46,38,0,684,0,0,26,3,110,14,0,13,8
lan0qn3f5mvvintz5fq,2023-02-23 08:49:01.702059,0,0,149,0,1193,0,0,33,707,384,0,26,0,8
lan0qn3g1t80o9dxe9b,2023-02-22 17:39:56.253997,3,12,0,0,620,45,0,0,6,0,0,4,0,8
lan0qn3guecddxfnxc,2023-02-23 03:43:21.555080,0,0,0,0,1108,0,0,0,0,155,49,0,0,8
lan0qn3g4g5ffl466s6,2023-02-23 07:30:07.533129,0,38,141,215,619,0,42,21,102,0,0,0,44,8
lan0qn3grn4f1c86n2,2023-02-23 03:38:29.976665,0,37,34,0,815,0,0,0,0,0,43,13,46,8
lan0qn3gxl61nvmjic,2023-02-23 00:22:30.887129,0,34,669,0,868,0,0,0,0,0,0,43,1,8
lan0qn3grxwl2fcnwm,2023-02-23 08:43:48.528216,8,18,0,0,817,28,18,0,716,331,21,0,0,8
lan0qn3gvtindtad62t,2023-02-22 22:24:24.710790,19,42,4,619,695,23,0,16,545,407,19,0,33,8
lan0qn3gqi0gduehqvr,2023-02-22 21:15:05.232282,15,0,46,288,1221,0,0,0,761,21,29,1,13,8
lan0qn3g4atequx2fwg,2023-02-22 17:22:08.800036,39,0,102,0,1231,0,0,0,444,476,0,25,0,8
lan0qn3gv98xmj77i2d,2023-02-23 05:11:49.268947,2,0,724,17,1137,0,0,1,204,393,32,0,8,8
lan0qn3gprt5xx67vtm,2023-02-22 22:01:25.905240,0,20,42,0,1296,0,0,21,757,0,35,10,39,8
lan0qn3g4pxlocb5dux,2023-02-22 21:12:12.169460,0,0,0,0,1114,0,0,24,0,0,10,0,23,8
lan0qn3ghz6psnohiza,2023-02-22 18:19:29.051575,0,40,805,172,1080,13,1,0,114,299,44,0,13,8
lan0qn3g66atbkpreib,2023-02-22 21:30:05.160940,22,5,47,0,697,0,0,0,450,527,43,47,0,8
lan0qn3gpyq51hek31,2023-02-22 21:49:16.478317,19,0,11,0,798,0,0,0,44,0,0,7,10,8
lan0qn3gfjqu92tdbdn,2023-02-22 20:54:11.036397,16,29,40,0,677,14,22,0,18,0,2,0,0,8
lan0qn3gsm6zeyf3c4,2023-02-23 06:37:08.443897,0,4,48,182,1293,0,6,36,216,40,0,0,16,8
lan0qn3t3qhqalw1qlp,2023-03-01 23:41:22.517014,0,0,380,0,699,0,9,16,68,57,23,0,19,9
lan0qn3t30ltloiwaci,2023-03-02 08:24:56.271254,49,33,125,0,1046,12,0,0,492,0,2,0,0,9
lan0qn3thft9kh3aefk,2023-03-01 19:29:14.412335,0,45,460,0,1286,0,0,0,47,402,25,0,38,9
lan0qn3t1aephlfu4cs,2023-03-02 07:46:06.613314,0,0,0,0,1035,0,3,17,41,388,46,48,0,9
lan0qn3t6pffjalc5x,2023-03-01 18:57:36.726258,32,12,0,464,999,6,0,0,139,354,0,25,12,9
lan0qn3tv77ivolzyub,2023-03-02 03:59:23.663598,0,0,145,0,595,0,17,27,19,94,0,0,44,9
lan0qn3t5pgxl9fknjw,2023-03-02 00:13:30.175482,0,0,0,92,724,9,0,31,182,241,2,0,35,9
lan0qn3tnoiriumbnt,2023-03-01 16:56:50.497955,31,49,0,60,837,0,0,27,447,0,26,0,15,9
lan0qn3t91wpvtzcbeb,2023-03-02 04:20:06.637266,26,32,87,0,898,49,11,29,78,59,0,32,0,9
lan0qn3t0s6693pimpcb,2023-03-01 17:12:12.071534,13,28,15,0,1321,0,48,0,0,246,0,0,0,9
lan0qn3tx9yu0s5aae,2023-03-02 03:15:52.818326,27,26,170,482,1146,26,0,0,373,0,0,14,1,9
lan0qn48qxghzkjv7of,2023-03-08 17:52:23.988234,0,0,0,0,678,0,0,0,297,0,8,0,45,10
lan0qn489ijgweaf7k,2023-03-08 22:20:14.897992,0,30,187,801,1166,11,0,0,0,107,0,0,0,10
lan0qn48rlaclnbxoms,2023-03-08 16:55:21.383184,3,0,685,240,819,34,27,0,116,316,0,31,0,10
lan0qn49fjd0j9xoghm,2023-03-09 02:48:15.337882,28,8,35,127,947,30,0,0,688,451,4,0,0,10
lan0qn49nol51f9mdd,2023-03-09 06:34:03.771721,1,0,657,359,1248,34,0,13,504,763,48,31,38,10
lan0qn49zwqpvjkimas,2023-03-08 21:16:27.574831,0,32,14,0,1186,0,14,0,450,0,44,20,29,10
lan0qn49cjzkhwqj9d5,2023-03-08 23:55:09.464700,33,38,338,635,1143,0,0,42,0,0,0,8,36,10
lan0qn49gmhphhafwgr,2023-03-09 07:29:17.328192,1,0,0,206,688,12,0,0,0,789,34,19,0,10
lan0qn496brj5bktbmx,2023-03-08 20:23:19.585692,12,0,27,780,968,29,35,0,28,35,0,0,10,10
lan0qn49qs3i1444nkf,2023-03-09 04:59:00.279616,7,0,2,0,737,0,0,16,83,317,28,0,12,10
lan0qn4a1nj71rsoo8n,2023-03-09 02:29:13.857867,1,0,192,226,1368,19,0,0,9,0,22,0,0,10
lan0qn4aqft0gym59dl,2023-03-08 19:15:06.339090,0,21,0,0,802,0,15,8,757,0,15,23,27,10
lan0qn4awo4kvlxmmip,2023-03-09 07:48:18.885240,0,40,579,771,750,33,18,22,537,0,7,0,0,10
lan0qn4arf78uw4nswi,2023-03-09 05:50:30.688948,0,18,2,0,903,47,18,0,44,79,19,44,37,10
lan0qn4agqsi85r7c04,2023-03-08 19:24:44.983568,0,13,557,512,707,0,0,14,36,434,0,25,31,10
lan0qn4a6ckyw5o4lvr,2023-03-08 19:47:27.567485,0,32,0,664,808,19,0,27,40,149,44,31,32,10
lan0qn4aao5hcsyewau,2023-03-09 08:45:35.249000,30,0,0,94,912,0,23,43,453,469,0,0,23,10
lan0qn49q0oep4qlg1,2023-03-09 08:22:00.704773,0,0,510,0,929,0,25,30,48,171,40,0,0,10
lan0qn4peak04xcbe44,2023-03-15 19:27:38.668758,0,45,558,696,955,0,0,0,1088,693,30,0,0,11
lan0qn4qolvyfwa8fgs,2023-03-15 23:52:25.715267,7,0,340,717,979,7,0,2,493,1042,29,0,0,11
lan0qn4qrh12klqiu2,2023-03-15 16:12:02.325376,0,0,42,939,1463,0,0,35,390,554,28,0,0,11
lan0qn4phfxvwl2fbwt,2023-03-16 02:34:45.267082,23,29,45,426,1297,18,17,31,0,685,0,0,37,11
lan0qn57x553ucwkoed,2023-03-23 02:18:12.487684,39,20,502,393,1513,21,0,0,47,206,18,0,15,12
lan0qn570mihwansyzs,2023-03-22 18:53:25.271053,0,0,0,0,1610,0,0,0,0,557,0,0,0,12
lan0qn570zdqa9uiw35r,2023-03-23 05:45:20.645309,0,15,637,0,1084,42,0,37,46,0,0,0,49,12
lan0qn570vmqbu0zdzck,2023-03-23 06:56:37.715376,0,0,0,418,975,0,0,0,680,26,14,37,0,12
lan0qn57rgceanpz1bo,2023-03-23 05:12:44.965046,1,0,0,0,1231,0,0,0,296,114,42,36,0,12
lan0qn57flu1np8y14o,2023-03-23 00:31:06.163266,44,0,0,0,1505,21,0,22,258,0,44,2,32,12
lan0qn579bnh1azwn2r,2023-03-23 05:04:00.025724,0,0,42,0,908,0,0,15,653,120,39,39,21,12
lan0qn575tdobijygpg,2023-03-22 22:44:16.753173,0,16,28,525,1463,21,0,17,406,0,31,34,10,12
lan0qn57ot34f6ub57m,2023-03-23 08:08:18.581508,0,0,377,35,982,35,10,38,169,202,0,0,0,12
lan0qn57k7oxq2616zq,2023-03-23 01:09:41.164402,41,0,2,0,1630,0,0,14,36,0,0,0,21,12
lan0qn57geu8z41jmvq,2023-03-23 03:07:52.089449,16,6,296,179,928,0,35,40,13,223,0,0,0,12
lan0qn5716zbuoj5r2b,2023-03-23 01:31:47.133483,47,0,0,255,1417,0,0,0,36,0,0,47,0,12
lan0qn57pn4qcgiljv8,2023-03-23 03:58:45.044282,23,0,14,0,1648,7,11,0,39,185,0,12,45,12
lan0qn57efzs2ttqm3i,2023-03-23 01:11:46.647510,0,28,45,256,1132,17,0,0,744,0,0,0,0,12
lan0qn57clbmg7kaw9,2023-03-23 00:45:26.225995,0,0,716,0,905,49,31,0,7,0,0,0,0,12
lan0qn5mk0e8c3qqyt,2023-03-30 00:42:10.100641,12,43,7,0,1717,11,40,0,335,0,3,0,0,13
lan0qn5my7j4i3nttnc,2023-03-30 05:13:22.580761,43,15,23,0,1285,12,0,0,348,191,0,0,0,13
lan0qn5m8wghom7h7o6,2023-03-30 07:13:03.753307,0,0,261,0,1517,0,42,6,0,381,35,23,0,13
lan0qn5m6pc3jsl3ksd,2023-03-30 07:01:06.806218,0,44,37,0,1216,0,0,0,150,163,28,0,45,13
lan0qn5mpudv95ekgeq,2023-03-30 02:11:09.423988,29,29,0,461,1114,17,0,8,220,0,20,11,11,13
lan0qn5muhtd27a9zd,2023-03-29 22:19:02.914050,0,35,35,278,1204,0,34,20,18,0,21,38,0,13
lan0qn5myho2ivorgj,2023-03-29 17:13:24.841227,4,28,158,0,1059,0,32,0,0,0,0,0,20,13
lan0qn5m7kdrzcbvcj4,2023-03-30 00:17:52.912002,5,31,24,67,1811,9,26,13,391,0,22,0,0,13
lan0qn5mirxl15rd9s9,2023-03-29 17:34:14.559132,0,0,266,269,1346,0,25,46,163,331,0,6,0,13
lan0qn5mn9oto2824ao,2023-03-29 18:36:20.844967,0,19,0,68,1370,10,22,0,1,0,18,0,43,13
lan0qn5m0t0agwbee3yl,2023-03-29 18:09:38.551303,36,0,270,303,1385,23,0,0,175,187,21,7,0,13
lan0qn5mx6n9sq2l2i,2023-03-30 00:51:03.111046,0,14,0,5,1264,22,0,0,0,0,5,38,0,13
lan0qn5l6mbb2kiyixy,2023-03-29 22:22:40.904416,0,0,6,12,1575,12,24,10,18,371,0,0,0,13
lan0qn5lq8yb4peiqha,2023-03-30 05:15:38.220425,0,32,274,212,1702,0,0,18,267,0,0,36,0,13
lan0qn5lvarbkzzrrw,2023-03-30 03:49:37.605740,0,19,0,287,1163,3,4,36,7,467,0,0,13,13
lan0qn5mc7jc66qj8p7,2023-03-30 03:08:45.109912,31,3,329,471,1425,33,0,0,172,0,5,0,47,13
lan0qn5mg5s7err8bh,2023-03-30 04:55:56.321501,25,0,28,0,1295,47,0,0,290,294,32,0,0,13
lan0qn5m3bh5lxzkk48,2023-03-29 22:51:38.589177,0,34,0,50,1190,27,20,11,248,0,0,31,0,13
lan0qn5m9hd52lapas7,2023-03-30 02:25:35.886838,0,30,338,0,1602,26,8,1,244,0,29,24,0,13
lan0qn5m8274itbq7t,2023-03-29 18:41:36.558343,0,26,16,0,1809,0,5,0,0,0,31,6,0,13
lan0qn5m4bjtnb461n2,2023-03-30 01:03:19.858334,0,1,0,0,1631,0,8,41,124,0,34,0,0,13
lan0qn5mi4i9thdhge,2023-03-30 00:14:46.645235,0,34,328,0,1477,8,18,35,480,0,35,0,41,13
lan0qn5msg3o0r6m8y,2023-03-29 23:40:56.666997,31,0,380,216,1679,0,0,17,44,0,13,0,0,13
lan0qn5m5ckfur7wman,2023-03-29 19:42:50.946509,0,0,0,0,1200,19,0,0,0,0,0,0,49,13
lan0qn5mnd33v406b0f,2023-03-30 01:57:20.898006,39,6,258,0,1325,16,0,0,0,0,41,32,11,13
lan0qn5mkmjg2w02ean,2023-03-30 05:20:38.076735,26,0,0,0,1811,0,0,0,16,44,33,11,23,13
lan0qn5mj9xu2r9jx1,2023-03-29 20:37:07.130694,13,0,41,0,1110,0,13,0,0,0,0,10,0,13
lan0qn5mjrugr1s6zlf,2023-03-29 22:40:27.586400,0,27,270,231,1658,27,48,0,0,311,48,19,0,13
lan0qn5m8dpy096ct95,2023-03-30 04:53:50.649332,16,0,393,417,1095,25,26,0,0,0,0,2,10,13
lan0qn5m9lniag3vo4m,2023-03-29 18:08:25.758694,48,6,72,0,1355,28,12,49,51,205,14,0,47,13
lan0qn5m8qke6d5ro8q,2023-03-29 17:01:07.922628,14,32,438,0,1659,0,0,43,89,155,0,0,0,13
lan0qn5mp7x987bdajf,2023-03-29 17:15:38.105541,40,44,128,0,1524,0,9,0,35,0,0,0,0,13
lan0qn5mdovd7xz4gp,2023-03-30 05:11:26.139929,8,0,319,0,1456,0,0,0,47,33,0,38,11,13
lan0qn5meoi5n0njs8c,2023-03-30 02:01:34.930197,0,27,0,0,1612,19,7,0,353,0,0,7,3,13
lan0qn5ma572mp62gcg,2023-03-29 23:25:57.406503,0,48,0,0,1521,14,49,0,101,0,4,0,0,13
lan0qn5mmf4clns9fah,2023-03-29 18:17:14.456727,0,0,0,210,1152,16,0,30,468,0,0,0,0,13
lan0qn5mtaik7z42oq,2023-03-29 19:32:55.260151,20,18,395,0,1083,0,0,0,0,129,46,0,0,13
lan0qn61xeo1ygfq7s7,2023-04-05 23:28:51.939071,0,37,646,0,1282,3,0,36,173,0,0,0,2,14
lan0qn61f7gu2tl3qmr,2023-04-05 23:51:10.552706,47,0,26,0,1398,0,8,23,0,201,11,13,0,14
lan0qn617rceqwjflaf,2023-04-05 18:29:11.738357,0,26,784,299,1761,0,0,0,295,418,0,1,20,14
lan0qn61cd8f7u9uw0f,2023-04-06 04:29:16.596403,0,0,298,0,1462,0,40,0,584,0,0,36,44,14
lan0qn6124mlu2igl7g,2023-04-06 03:21:26.086389,0,0,24,0,1484,0,40,0,391,715,38,0,0,14
lan0qn61123rrw9z5pmb,2023-04-06 03:42:59.095684,47,0,0,138,1939,43,0,24,17,0,11,15,9,14
lan0qn61zneosuufuv,2023-04-06 03:28:45.760631,0,22,591,0,1222,0,0,23,0,283,0,1,0,14
lan0qn61gy0s4jbodqp,2023-04-06 01:27:20.829654,35,0,90,0,1402,15,27,0,30,795,20,0,0,14
lan0qn61vnca31nlnup,2023-04-06 00:42:28.982178,34,0,669,528,1510,0,0,8,0,363,0,24,46,14
lan0qn61azsg1ehtib7,2023-04-05 19:38:01.180347,0,3,271,0,1302,0,32,5,41,705,0,46,37,14
lan0qn610qzyp9v76j2m,2023-04-05 16:37:04.769842,0,40,193,0,1632,0,31,48,246,260,32,0,0,14
lan0qn611y8cyed82de,2023-04-05 16:39:01.555331,41,27,0,763,1746,43,0,0,497,242,26,0,15,14
lan0qn618az4i2rtrm6,2023-04-06 01:53:05.843833,0,17,658,0,1793,0,2,31,26,241,2,16,0,14
lan0qn611nf9fdmq1kc,2023-04-06 08:23:26.882950,33,23,759,0,1587,0,0,20,58,0,0,0,0,14
lan0qn61cka1cs3tbrr,2023-04-06 00:24:07.629213,30,0,70,0,1922,7,19,24,540,0,25,0,0,14
lan0qn62mzouhcmowt,2023-04-05 23:21:27.899727,13,0,27,0,1540,0,0,27,99,300,3,11,0,14
lan0qn62ct3i26fbqkt,2023-04-06 02:53:18.387894,0,0,32,653,1772,47,0,19,28,0,49,49,49,14
lan0qn61hakf6h9btcj,2023-04-06 05:29:27.184523,49,19,511,0,1936,24,47,12,315,0,12,0,2,14
lan0qn6faychigr9f7,2023-04-13 03:35:49.178911,35,18,27,0,1994,9,0,0,11,0,23,0,44,15
lan0qn6foyeaf5usjf,2023-04-12 18:31:01.598994,48,0,5,831,1465,28,0,16,0,1014,46,7,0,15
lan0qn6f5v1aaobk5rh,2023-04-12 18:33:18.318519,37,43,448,1012,1739,3,0,1,25,0,27,0,31,15
lan0qn6flfs990jdl2b,2023-04-12 20:11:15.230493,36,23,708,1014,1987,0,0,0,0,0,0,47,37,15
lan0qn6f3quvrsimy0o,2023-04-12 23:39:47.919049,0,0,832,0,1522,0,0,0,567,808,16,0,34,15
lan0qn6fcp35zmr96yv,2023-04-13 08:24:42.305568,36,31,8,0,1767,41,5,35,32,0,0,49,4,15
lan0qn6fqcgs94wipfe,2023-04-12 18:58:36.592732,42,43,41,0,1299,0,19,0,890,0,17,28,49,15
lan0qn6f5bjw8uge2xs,2023-04-13 08:07:10.927262,12,0,48,0,1745,23,0,20,704,628,0,0,0,15
lan0qn6fmzjza5kd99h,2023-04-13 07:16:07.856833,1,0,11,0,1532,0,0,10,1,461,33,7,0,15
lan0qn6fbevzdep4hk6,2023-04-13 02:35:03.526375,0,0,9,0,1802,28,17,24,0,838,0,45,18,15
lan0qn6fj2y23mjfqc,2023-04-12 22:52:04.253872,0,37,631,371,1641,0,0,0,1062,864,30,0,0,15
lan0qn6fj97h8tjifd7,2023-04-13 03:06:20.729232,0,39,550,845,1304,0,0,36,6,0,0,0,0,15
lan0qn6f2bc975rzqcg,2023-04-12 19:45:44.047647,32,0,395,300,1638,0,0,18,0,1065,0,0,25,15
lan0qn6ff8ydp99478i,2023-04-12 18:05:51.343285,0,12,966,519,1286,46,0,48,497,0,23,0,0,15
lan0qn6fdgkbi32hane,2023-04-13 08:00:43.885481,0,17,609,1022,2077,0,0,12,4,464,46,46,0,15
lan0qn6fdf6lqfv97ri,2023-04-12 17:36:24.125355,0,19,864,0,2073,0,25,21,578,0,9,0,14,15
lan0qn6fnicce4vqegp,2023-04-12 22:18:11.655142,15,12,870,783,1495,48,0,0,0,0,49,0,0,15
lan0qn6fop2yqyy7y5a,2023-04-12 21:50:26.555057,0,0,533,0,1310,32,5,0,0,0,20,0,0,15
lan0qn6frf9u6d9v7j,2023-04-13 06:59:09.548980,0,0,26,0,2062,0,20,0,1003,886,48,16,0,15
lan0qn6fzo2ed4noqc,2023-04-12 18:24:12.591349,0,0,932,1089,1795,0,0,1,689,424,0,0,0,15
lan0qn6f6632qpssyam,2023-04-13 07:03:44.401549,0,0,48,0,1705,0,0,13,49,849,0,9,0,15
lan0qn6floua5ozlrn,2023-04-12 16:18:30.028574,0,0,747,0,2071,0,13,0,0,0,0,32,0,15
lan0qn6flrjvl4eklda,2023-04-12 20:25:44.869322,0,0,46,0,1377,0,0,0,43,0,0,0,36,15
lan0qn6fhbdbt7zt275,2023-04-12 23:25:56.399525,14,0,381,0,1481,0,10,15,0,0,0,12,0,15
lan0qn6rwijcypi2qlh,2023-04-20 01:41:42.358828,0,35,650,119,2165,0,0,23,296,349,0,24,17,16
lan0qn6rjevitnulk2,2023-04-19 23:47:22.476823,32,0,5,419,1873,10,0,29,37,0,19,34,30,16
lan0qn6rqfkdsiuwv8r,2023-04-20 07:34:35.967487,36,0,38,533,1787,0,17,43,317,42,0,3,41,16
lan0qn6r7hjtz6fy4tk,2023-04-19 19:59:08.837193,0,41,41,0,2122,27,10,26,0,427,21,0,0,16
lan0qn6rbge9jrylyr,2023-04-20 03:08:36.492194,0,0,48,0,1603,33,0,0,31,770,0,0,32,16
lan0qn6r3x2enk0h7fi,2023-04-20 02:54:11.975402,0,33,360,0,1787,43,0,38,201,0,0,0,41,16
lan0qn6rot5z40m8wz,2023-04-19 19:29:58.391303,0,0,0,98,1889,0,0,40,17,0,0,0,0,16
lan0qn6rz2ru4wdyohf,2023-04-19 20:03:55.853321,0,30,35,697,1996,44,0,13,345,0,24,0,0,16
lan0qn6r65fq1r3i3x3,2023-04-20 00:03:18.963491,37,0,28,323,1465,28,0,49,785,762,34,48,39,16
lan0qn6rbhku4rejyrg,2023-04-20 02:55:54.275920,8,0,195,0,2111,0,42,0,25,392,0,0,0,16
lan0qn6rws2meekpu2,2023-04-19 22:44:48.332821,0,0,466,0,1595,19,0,0,405,417,0,38,0,16
lan0qn6rucldhma21w,2023-04-20 04:58:29.545968,2,22,0,721,1766,0,0,10,630,648,22,0,0,16
lan0qn6rx9o6kram1sp,2023-04-20 05:36:22.068412,0,31,87,596,1564,32,6,1,734,254,17,25,0,16
lan0qn6r47jnay1ktbg,2023-04-19 18:47:03.581424,0,31,533,636,2045,0,0,35,0,673,0,17,0,16
lan0qn6rmg8ygba0ny9,2023-04-20 00:03:05.017987,0,0,0,0,1505,32,29,0,25,94,6,0,44,16
lan0qn6ru5g5yoim1,2023-04-20 07:42:39.774835,22,42,38,115,1809,0,0,0,0,0,18,8,0,16
lan0qn6rh4wrdlyybjd,2023-04-19 20:09:53.792134,46,0,0,208,1391,0,0,0,15,466,0,0,1,16
lan0qn729csmo0fx2af,2023-04-26 17:31:16.339478,0,0,22,0,1944,40,0,0,0,0,0,0,6,17
lan0qn72n4zexr76fd,2023-04-26 23:41:59.675936,0,0,27,324,1504,0,0,0,291,245,8,22,0,17
lan0qn73eqwlsdl3ibu,2023-04-27 00:38:22.262590,0,38,0,450,1731,0,22,2,332,0,46,0,0,17
lan0qn73r4d9h30nqkd,2023-04-26 21:28:07.941511,35,36,193,0,2092,28,0,13,2,0,0,11,0,17
lan0qn73n4azww1hym,2023-04-26 23:13:56.104673,37,0,10,199,2231,0,34,0,380,0,24,35,31,17
lan0qn73pbd62t6mm1,2023-04-27 07:30:16.439447,0,4,0,430,1746,43,0,0,377,0,0,0,0,17
lan0qn72w4edz0npu7,2023-04-26 20:29:02.552916,28,0,132,0,2069,0,43,0,332,0,26,18,0,17
lan0qn73jbk8xozj0i,2023-04-27 01:42:45.155729,0,0,473,205,1554,0,38,31,0,0,15,0,29,17
lan0qn7288jnb1serys,2023-04-27 05:45:31.780099,0,0,0,0,1735,0,0,46,21,188,23,4,0,17
lan0qn72tb01wgh0eks,2023-04-26 21:19:56.692551,22,1,0,310,1724,0,0,0,27,82,2,45,0,17
lan0qn723w8qby7x45m,2023-04-27 03:06:55.467160,0,15,135,0,1679,0,2,0,178,267,0,11,0,17
lan0qn72cuolklhu4f5,2023-04-27 04:40:21.871471,0,0,0,0,1920,21,22,29,444,484,16,0,0,17
lan0qn72jgry6mqdgdh,2023-04-27 04:31:01.855273,0,2,282,0,1831,0,31,0,23,293,24,0,0,17
lan0qn729v7mg3yryyd,2023-04-27 05:04:40.060830,0,0,340,0,1648,42,20,0,258,402,0,0,0,17
lan0qn72erfzaq535w6,2023-04-27 04:58:31.944422,20,0,38,357,1942,0,0,0,101,0,0,34,26,17
lan0qn727f9zk0sanp,2023-04-26 19:44:33.818593,22,0,36,481,1846,19,0,37,270,316,27,40,0,17
lan0qn724uqcjf5uv26,2023-04-26 21:32:26.055499,0,0,23,104,1838,18,49,0,32,95,25,7,0,17
lan0qn73661ugrvo8x,2023-04-27 03:16:56.020817,0,0,119,5,1894,0,0,37,0,398,0,0,29,17
lan0qn7252ymavzdwz,2023-04-26 17:16:08.684489,0,44,279,235,1778,43,0,0,0,244,0,7,0,17
lan0qn735qnomoz3sza,2023-04-26 16:47:15.149158,41,0,186,0,2089,0,0,0,464,0,10,0,34,17
lan0qn72gxowqef5lp,2023-04-26 22:52:51.259315,0,0,7,0,1968,0,0,0,0,155,25,0,0,17
lan0qn739zwhbds6gjo,2023-04-26 20:30:56.585806,0,0,129,0,1964,27,0,0,36,0,16,35,0,17
lan0qn73iqahgzm2c6q,2023-04-26 16:35:18.489048,43,48,459,0,1689,38,0,0,0,265,49,0,0,17
lan0qn73u1c2mrk1j2q,2023-04-26 18:17:43.713622,3,0,0,0,1527,2,29,0,414,353,7,0,28,17
lan0qn73p6jjqgysreh,2023-04-26 21:27:46.727233,0,25,189,2,1935,0,0,42,0,0,0,2,0,17
lan0qn735bpoy4s09bt,2023-04-27 02:21:29.859608,13,0,40,0,1655,11,0,0,22,120,0,0,35,17
lan0qn73jhorccc21n,2023-04-26 23:50:16.109352,31,48,465,265,1716,0,23,0,24,0,13,46,0,17
lan0qn73o4findaw3x,2023-04-27 00:27:05.186439,0,6,166,108,1964,16,0,0,133,0,7,0,0,17
lan0qn73yzp84xqv5wj,2023-04-26 20:39:55.914626,0,14,0,0,1740,28,0,27,225,0,3,23,0,17
lan0qn73yjr7pvydja,2023-04-26 21:32:13.090429,25,39,0,0,1841,0,44,0,20,0,0,36,33,17
lan0qn73dkorrau4di,2023-04-26 17:56:02.301487,15,6,34,0,2262,1,22,21,0,251,13,0,0,17
lan0qn732jofpr71u14,2023-04-26 18:58:54.459011,7,9,0,0,2247,0,0,12,57,0,0,0,16,17
lan0qn73tj3cbniiap,2023-04-26 19:39:20.467062,0,2,0,0,1861,0,45,40,491,32,27,0,0,17
lan0qn73ukn74b0swtb,2023-04-27 04:05:11.726642,9,20,167,0,1919,0,0,46,58,494,20,46,0,17
lan0qn73u5xts282ty,2023-04-27 08:23:53.533901,0,0,193,53,2176,0,15,45,18,0,0,29,7,17
lan0qn731b1idp2yev1,2023-04-26 17:06:19.494573,2,25,0,315,1590,30,0,0,456,0,0,6,0,17
lan0qn737du5r5mac8,2023-04-26 18:38:20.189584,12,21,21,0,1864,0,35,0,0,0,14,0,0,17
lan0qn73phron9y5cap,2023-04-26 23:31:46.463474,33,0,185,0,1871,0,0,2,0,0,0,6,38,17
lan0qn738te8lijllof,2023-04-27 02:24:28.373231,23,15,483,247,2195,0,28,2,489,0,19,38,7,17
lan0qn73yjwnriuqvjs,2023-04-27 02:30:17.505692,0,0,0,293,1583,2,0,15,0,0,4,41,0,17
lan0qn73h2j7jkr7doo,2023-04-27 01:13:40.171094,26,0,28,398,1614,49,0,0,79,0,0,0,0,17
lan0qn732hy0dt6y59n,2023-04-26 18:55:57.952111,0,0,292,0,1650,45,0,0,0,0,27,47,0,17
lan0qn7ea3lvc5op31v,2023-05-03 19:56:26.290858,0,0,528,449,2063,0,0,0,1,209,0,43,36,18
lan0qn7eln7d3lswfmq,2023-05-03 23:36:43.466927,0,0,0,0,2322,0,0,44,42,423,48,0,20,18
lan0qn7e6aj4xff72r8,2023-05-04 06:33:55.985930,14,0,0,347,2309,30,0,0,0,0,0,0,0,18
lan0qn7eo98nxo7wf9j,2023-05-04 06:13:48.228665,0,0,350,705,1694,22,11,29,0,172,0,0,18,18
lan0qn7e4lhrdjcr8v3,2023-05-03 23:34:56.556739,40,29,17,73,2014,29,0,15,214,0,4,43,35,18
lan0qn7e6v4pcusz5jj,2023-05-04 01:42:24.973538,13,40,225,0,1992,48,19,44,0,176,39,0,0,18
lan0qn7ec00un32xtda,2023-05-04 00:23:45.934411,11,44,235,85,1635,29,41,0,3,119,9,25,0,18
lan0qn7ew7fi1dct3tq,2023-05-03 22:10:08.392998,0,46,665,0,1864,0,0,0,41,0,0,0,0,18
lan0qn7e5mduoao2uy2,2023-05-04 06:53:14.366611,37,17,0,0,1599,0,0,0,0,59,8,0,20,18
lan0qn7e60vr1sr4nt3,2023-05-03 16:41:49.695283,17,0,36,211,2322,0,19,36,0,487,37,8,0,18
lan0qn7eczgpkkb5jyk,2023-05-03 23:34:17.032032,0,31,0,464,2229,34,0,31,0,182,25,10,0,18
lan0qn7ewxs0jacvi3f,2023-05-03 20:14:49.791383,21,38,673,245,2009,37,0,0,603,612,15,12,0,18
lan0qn7eqzgsddod3k,2023-05-03 19:36:52.580875,48,10,795,0,1584,26,20,47,0,0,0,0,0,18
lan0qn7ed02ld8zkudj,2023-05-04 06:53:17.339450,11,31,0,0,2091,0,0,0,3,0,0,4,9,18
lan0qn7ed2ppox2i15,2023-05-04 03:38:38.423599,0,8,0,0,1819,0,0,0,457,223,3,8,0,18
lan0qn7e41v37mnbeev,2023-05-04 00:50:25.496948,0,0,786,214,2310,6,9,0,0,555,2,8,0,18
lan0qn7etr8e130oxg,2023-05-03 16:30:44.531622,9,0,232,0,2158,11,0,0,0,0,0,0,0,18
lan0qn7eju6mkktrwe9,2023-05-03 20:57:59.935926,0,0,310,0,2206,0,0,23,0,330,20,0,15,18
lan0qn7ewotcdxbs42b,2023-05-04 04:10:33.703450,9,11,1,302,1591,0,0,0,341,0,20,0,48,18
lan0qn7ei3xp7na4jn,2023-05-04 07:27:32.773012,0,20,0,122,2024,0,0,37,26,181,32,0,0,18
lan0qn7ekz56b02wqzl,2023-05-03 21:51:23.126243,46,0,141,602,1884,18,0,0,732,746,0,27,0,18
lan0qn7ebykjb9j488w,2023-05-04 05:03:14.463637,0,0,53,113,1779,15,17,0,22,322,39,33,0,18
lan0qn7ew8342ns9uar,2023-05-04 00:13:59.620025,21,41,30,106,2019,0,0,0,12,0,45,0,24,18
lan0qn7eijos7m3n6yp,2023-05-03 16:38:57.559495,0,20,620,0,1706,38,0,22,26,0,0,46,0,18
lan0qn7eyq764pqdp8e,2023-05-04 00:17:13.237681,0,41,15,0,1597,0,41,49,323,0,12,0,0,18
lan0qn7edu4bsvsrp5f,2023-05-03 18:02:57.550173,0,0,0,680,1619,0,31,0,0,200,0,27,17,18
lan0qn7qol3n8ysd7f,2023-05-10 22:51:11.015110,0,19,0,959,2071,0,28,34,772,311,0,31,0,19
lan0qn7qoi3y1dcf829,2023-05-10 18:14:25.228389,0,0,611,711,2049,47,0,0,36,0,0,35,26,19
lan0qn7q97b8eegmmc5,2023-05-11 08:32:48.716456,5,0,570,0,2109,0,13,2,0,0,20,0,23,19
lan0qn7qycx204mel4,2023-05-11 05:55:19.406978,0,0,643,0,2314,0,0,38,0,766,33,0,0,19
lan0qn7qvy704n9536e,2023-05-11 03:16:54.798097,0,39,39,0,1569,0,20,14,855,0,0,0,34,19
lan0qn7qtt02q3j5c5,2023-05-10 21:36:44.611969,0,0,0,0,2268,0,44,16,30,1020,15,0,14,19
lan0qn7qlnt9j7hqm3h,2023-05-11 06:18:05.786924,0,0,1064,0,2224,0,0,34,1072,611,43,0,0,19
lan0qn7qcli4e3xbc5u,2023-05-10 17:07:10.937838,30,0,36,332,1925,0,0,20,0,1043,0,34,0,19
lan0qn7qyiijkkkliw7,2023-05-10 19:05:17.791196,44,48,0,1016,2030,0,29,0,0,0,1,34,11,19
lan0qn7q9i3mb8v38q4,2023-05-11 05:24:10.289703,0,0,553,1086,2327,1,7,0,664,760,32,21,42,19
lan0qn7p0brjgnaqydqk,2023-05-10 17:06:01.219099,0,0,0,0,1826,0,0,12,49,0,0,45,40,19
lan0qn7qxa50rg7tleb,2023-05-11 08:45:21.155972,10,0,1024,0,1670,0,0,0,5,766,34,37,0,19
lan0qn7qlik50b83w6n,2023-05-10 20:25:36.898710,0,0,0,0,1801,23,0,44,542,0,0,0,26,19
lan0qn7q19hlu2hk0i7,2023-05-11 03:43:08.681763,37,0,975,0,2179,38,8,0,49,692,32,0,13,19
lan0qn7qkpuybao8yfc,2023-05-10 23:25:40.332362,0,14,769,1096,2315,0,0,0,0,590,0,0,8,19
lan0qn7qhippsc4si56,2023-05-10 22:39:01.415184,20,2,0,0,1688,10,37,43,0,0,3,11,0,19
lan0qn7qlpn2uk3wkgh,2023-05-11 04:01:57.021791,0,0,38,369,2336,22,8,0,0,811,0,48,0,19
lan0qn7qa11c6qr6ett,2023-05-11 00:39:27.732693,42,3,967,434,1646,0,19,0,28,0,0,0,0,19
lan0qn7qmy8lwaordqi,2023-05-10 16:18:37.648623,0,5,37,607,2142,0,0,0,712,624,0,0,11,19
lan0qn7qw3su3elncz,2023-05-11 04:53:34.605297,17,35,966,0,2029,0,12,0,0,0,38,0,39,19
lan0qn7q5up53ckz1k8,2023-05-10 21:30:22.432764,0,0,37,973,1560,0,25,0,544,745,41,0,0,19
lan0qn7qhlhsjlcf7ee,2023-05-11 02:34:10.985109,33,0,724,952,1880,15,22,21,560,0,4,0,30,19
lan0qn7q8mqyx65srcx,2023-05-10 16:20:36.398735,0,0,929,679,1870,10,22,19,0,316,0,0,0,19
lan0qn7y9zcfh9ev0ld,2023-05-18 07:24:48.813394,0,31,462,0,2161,7,33,0,0,0,17,41,0,20
lan0qn7yzsrzu2dsahb,2023-05-17 21:08:11.020038,0,37,8,0,2167,0,10,0,757,0,0,0,32,20
lan0qn7ymhvlf04egw,2023-05-18 05:38:11.886934,39,0,3,707,1933,28,32,0,81,173,34,0,0,20
lan0qn7y76jjrkkboq3,2023-05-17 17:40:43.357251,35,0,34,483,2227,40,0,0,29,43,0,0,11,20
lan0qn7y7hp143wsjbv,2023-05-17 20:59:33.369934,49,0,17,0,1837,15,0,0,316,103,0,23,23,20
lan0qn7yjazy60077xg,2023-05-18 04:17:12.494957,47,0,30,0,2140,16,23,15,671,0,0,0,0,20
lan0qn7yhz5q4n5l1z,2023-05-17 19:23:35.294708,2,4,25,0,1792,5,32,2,47,0,19,20,0,20
lan0qn7ywmnxeprhhr,2023-05-17 16:15:13.930851,0,0,0,0,2172,0,30,23,35,361,0,33,0,20
lan0qn7yj2aiqbvl9p,2023-05-18 02:08:42.215929,2,0,0,432,1793,24,10,0,0,0,27,0,42,20
lan0qn7ycslmwtlgxgi,2023-05-17 21:44:56.396235,0,35,443,0,2109,0,47,0,0,193,31,0,10,20
lan0qn7yfv7vuhuh7i,2023-05-17 19:57:33.488915,0,0,43,434,1785,0,13,12,479,388,0,0,0,20
lan0qn7ymgceefa94u,2023-05-17 18:32:40.191886,14,47,369,0,1784,0,2,0,317,0,12,0,35,20
lan0qn8av037f23updl,2023-05-24 18:03:21.833225,0,0,196,126,2073,25,37,0,3,0,0,0,0,21
lan0qn8as3ue0nbmjc,2023-05-25 03:46:18.234685,4,49,14,372,2216,23,0,0,0,302,32,11,0,21
lan0qn8a9qa38cmnm3,2023-05-25 04:02:11.382387,42,0,1,68,1905,0,0,0,303,434,0,10,0,21
lan0qn8ar82198mpg2,2023-05-25 05:02:33.094475,0,0,198,204,1519,0,25,11,35,2,28,7,42,21
lan0qn8azvmdaaujag,2023-05-25 01:47:24.371155,0,23,0,0,1970,0,23,0,129,44,0,0,0,21
lan0qn8a7dei5vgek0i,2023-05-24 19:31:55.429968,0,0,123,0,1630,45,0,0,335,130,0,21,7,21
lan0qn8ad6jb5i1pqx8,2023-05-24 19:58:51.521137,27,27,43,0,1963,0,0,47,4,56,48,44,29,21
lan0qn8as4yzw74dp78,2023-05-25 02:14:22.265894,0,8,27,0,1957,15,6,13,305,119,0,0,0,21
lan0qn8llt5it2sbb5r,2023-06-01 06:57:55.226259,32,17,0,0,1504,0,0,21,438,468,38,43,34,22
lan0qn8lmss42bmomd,2023-05-31 18:31:31.458464,0,20,0,574,2005,22,3,39,292,0,0,0,0,22
lan0qn8lzfhu1j2d7i,2023-05-31 21:45:08.569135,33,0,0,0,1827,11,0,0,36,0,0,33,0,22
lan0qn8lv3l4ktmk6kg,2023-06-01 03:56:11.000637,0,19,0,689,1580,33,18,49,0,737,0,42,0,22
lan0qn8l84tkrdm8cbc,2023-05-31 20:01:14.450939,0,9,0,0,1935,14,0,26,39,376,0,36,36,22
lan0qn8lf2mf2lxe2ml,2023-06-01 04:12:26.549086,3,0,289,235,2086,0,0,18,5,220,0,48,0,22
lan0qn8lt9egxpjqd3g,2023-06-01 05:00:16.878005,0,45,615,197,1478,23,2,11,32,745,22,44,42,22
lan0qn8ltahqha01sy,2023-05-31 20:55:43.852801,0,0,255,786,1871,9,0,45,104,0,0,1,0,22
lan0qn8l3ulcdas3zah,2023-05-31 18:39:51.441885,0,42,288,416,1541,0,0,8,33,0,0,2,0,22
lan0qn8l1m3ie4thz0h,2023-06-01 02:00:23.248576,0,14,21,500,1707,0,0,0,0,129,0,0,36,22
lan0qn8l0ime8p8bpkpv,2023-06-01 08:44:46.474343,0,0,281,134,1475,0,0,0,9,377,0,38,0,22
lan0qn8lhpaj1cz4v8w,2023-06-01 05:06:33.412208,38,35,38,316,2061,16,0,0,48,0,47,0,0,22
lan0qn8li1zxgj0cb2,2023-05-31 21:29:08.074178,0,36,27,336,1741,44,0,0,0,0,20,19,43,22
lan0qn8lfb982934jz,2023-05-31 21:56:54.573944,14,39,285,0,1814,0,0,0,40,395,23,39,0,22
lan0qn8myhm95wytj3,2023-05-31 22:11:48.585403,0,33,270,0,1922,0,0,0,583,752,0,11,0,22
lan0qn8mk2hxrqedru,2023-05-31 20:15:22.012257,0,47,0,327,1514,9,0,36,31,0,0,0,22,22
lan0qn8md6i5qgy7k3t,2023-06-01 02:27:37.397902,3,0,183,0,1568,0,0,0,430,0,0,48,0,22
lan0qn8lws7rfo8yo0e,2023-05-31 17:15:18.483624,0,23,0,431,1930,0,35,0,80,10,28,0,28,22
lan0qn8l9mm5bdry4cn,2023-06-01 05:18:01.724981,19,5,576,0,1663,0,21,29,28,539,46,31,11,22
lan0qn8lf72rbqz5eo,2023-06-01 06:21:17.851043,0,10,23,799,1659,0,47,34,54,119,0,8,11,22
lan0qn8l6ir6zl1y4gl,2023-06-01 05:37:51.832921,7,1,22,153,1514,21,3,8,722,0,1,0,0,22
lan0qn8lupd8nmi8ovb,2023-06-01 07:09:31.397838,7,8,826,164,2040,0,43,9,361,0,0,16,0,22
lan0qn8li40gnv9vx6i,2023-05-31 21:47:40.599344,0,20,0,272,1897,0,0,0,0,161,6,7,0,22
lan0qn8lk6t0tay9kvc,2023-06-01 01:37:56.506871,44,12,14,695,2172,0,7,26,463,373,0,8,0,22
lan0qn8lqah9yipu39d,2023-06-01 08:38:47.423782,20,23,671,0,1659,46,7,3,44,0,0,38,0,22
lan0qn90x24yvkkrjg,2023-06-08 00:22:51.266084,0,31,9,0,2018,0,0,28,45,481,15,0,32,23
lan0qn90294kyfdnipj,2023-06-08 05:34:33.489318,0,14,361,0,1599,0,0,0,322,473,49,4,0,23
lan0qn90430pv0zvyev,2023-06-07 18:07:37.605401,13,0,41,0,1671,0,1,0,0,0,40,0,0,23
lan0qn90hnbcle253kr,2023-06-07 21:16:41.627499,3,0,4,0,1744,23,0,13,43,0,43,0,37,23
lan0qn90b3cs85w0adm,2023-06-07 16:41:06.353069,37,17,710,695,1645,48,0,0,0,673,0,15,0,23
lan0qn908mywtphn2l8,2023-06-07 18:37:08.603783,0,0,0,0,1472,0,46,47,348,0,30,0,0,23
lan0qn90dy44la2mfbw,2023-06-07 17:17:42.565258,0,14,979,321,1782,0,1,0,459,0,0,4,0,23
lan0qn90r41o3r4y1qr,2023-06-08 00:58:11.009460,0,4,4,301,1460,0,0,0,1033,0,0,7,42,23
lan0qn90w05qzcp2fpf,2023-06-08 03:11:45.877465,49,33,0,569,1403,0,0,2,0,0,18,0,47,23
lan0qn9089901kgou85,2023-06-07 20:38:39.532781,0,43,43,0,1843,34,0,0,392,566,0,23,0,23
lan0qn908cokvg68mv8,2023-06-08 00:27:10.195012,0,48,638,928,1660,0,12,31,0,331,0,0,34,23
lan0qn9054hxyjsdk48,2023-06-07 19:17:54.412237,19,0,552,440,1466,0,0,0,0,0,8,9,0,23
lan0qn90xlhltrwmtqf,2023-06-07 22:03:35.118421,18,0,1024,332,1588,48,0,30,0,1077,0,36,0,23
lan0qn9b1124ggyc5wk,2023-06-15 08:15:25.862702,0,0,0,0,1334,0,12,11,0,147,25,0,19,24
lan0qn9ba1v8dza8isw,2023-06-14 21:48:16.315703,0,16,0,0,1558,13,0,0,699,414,0,0,0,24
lan0qn9b07juy1fvkkiq,2023-06-15 07:26:57.239111,0,3,363,666,1261,14,22,9,0,0,0,0,21,24
lan0qn9bv69lsie5wxk,2023-06-14 16:24:28.019025,0,0,463,0,1263,0,23,24,381,0,28,0,28,24
lan0qn9brlc3auhqp8r,2023-06-14 20:18:15.179142,39,11,201,10,1311,0,24,0,0,116,0,46,28,24
lan0qn9bv7bwrfpb19s,2023-06-15 01:09:56.337651,0,33,553,760,1522,5,3,3,461,95,29,8,41,24
lan0qn9bkjidndieopj,2023-06-14 17:23:29.619072,16,0,541,0,1492,0,0,16,415,287,0,0,36,24
lan0qn9brgygo319g4m,2023-06-15 01:36:01.355051,32,0,639,657,1667,47,0,0,17,0,0,6,18,24
lan0qn9buzvjjf8ma2q,2023-06-14 19:31:43.646192,0,46,94,256,1696,0,0,39,43,759,36,8,31,24
lan0qn9bckhogh8bod,2023-06-15 03:43:20.530760,0,0,0,62,1392,18,0,13,0,617,40,13,0,24
lan0qn9bap9cufep3tt,2023-06-15 03:27:42.863389,0,37,669,522,1997,8,8,30,85,0,0,12,0,24
lan0qn9b3sy0fk9m1gv,2023-06-15 05:02:22.705440,0,0,0,717,1270,36,15,0,17,0,0,43,0,24
lan0qn9bgwrzzwsygrm,2023-06-15 05:06:04.318787,0,29,45,3,1501,0,2,20,40,0,0,17,0,24
lan0qn9bj5nqjllviw,2023-06-15 04:15:24.177337,47,18,78,11,1748,0,0,0,244,239,9,15,0,24
lan0qn9b2x4s55um7bk,2023-06-15 00:00:58.135591,0,43,230,435,1765,12,0,0,0,627,36,31,0,24
lan0qn9bv1u33h7g7x,2023-06-14 22:54:08.293267,26,2,639,425,1996,0,0,0,393,0,47,33,23,24
lan0qn9bujqz3u37i,2023-06-14 17:01:26.962116,0,6,466,0,1845,0,20,42,19,322,0,0,33,24
lan0qn9bi12ac43t81s,2023-06-14 23:25:08.332848,11,1,395,720,1918,26,0,0,4,742,0,20,38,24
lan0qn9b8xxgfmtcy33,2023-06-15 00:20:22.723787,16,0,0,0,1310,11,29,13,0,342,49,0,0,24
lan0qn9byfmaagx0t6e,2023-06-15 08:39:41.654100,31,43,23,308,1760,0,0,33,605,249,31,0,44,24
lan0qn9pioa41qhe3xa,2023-06-22 01:51:33.070077,39,30,370,220,1856,31,32,0,0,85,15,19,45,25
lan0qn9paimk6uwriz,2023-06-22 04:17:15.222019,0,34,197,0,1292,0,0,0,85,231,47,0,0,25
lan0qn9pyddzahevmpe,2023-06-21 21:08:34.781956,0,28,21,135,1261,0,0,2,128,0,0,15,0,25
lan0qn9puc7arg9n0ya,2023-06-22 02:16:12.814837,25,0,442,201,1609,45,0,0,0,0,5,0,0,25
lan0qn9pqx6mshn94y,2023-06-22 01:11:09.862704,0,0,22,459,1278,9,39,0,473,0,0,42,16,25
lan0qn9pqwu4gtt0t0j,2023-06-22 07:45:54.819771,0,0,30,0,1788,0,39,0,481,0,0,0,39,25
lan0qn9pqtmcl4zawh,2023-06-21 21:47:50.071676,0,9,172,0,1209,0,0,0,261,432,9,19,19,25
lan0qn9pqbzqrnn8tq,2023-06-21 21:16:11.031277,38,33,264,0,1556,0,29,0,4,0,0,0,0,25
lan0qn9pdycwon3nhsn,2023-06-22 02:40:05.533891,0,0,31,0,1643,26,0,0,195,0,31,33,21,25
lan0qn9pwta6u6qbibf,2023-06-22 01:24:19.454112,12,34,181,56,1703,45,41,48,139,0,17,48,35,25
lan0qn9pb0canvma7jg,2023-06-22 00:58:28.917847,0,0,125,53,1122,18,10,29,435,80,0,31,8,25
lan0qn9pr4kgn23nk49,2023-06-21 22:02:00.784515,0,37,12,0,1641,0,0,45,0,0,0,7,0,25
lan0qn9pr5zc0cc2x8,2023-06-22 05:11:00.504079,0,41,424,391,1563,31,0,41,11,4,0,29,0,25
lan0qn9pfn9os33mo0k,2023-06-22 03:55:16.512228,0,43,72,146,1223,36,0,9,19,0,41,21,0,25
lan0qn9pc131zeof62k,2023-06-22 01:05:25.798736,43,0,0,0,1733,44,0,0,97,350,13,2,6,25
lan0qn9pyliyr4cp4e,2023-06-21 19:26:38.997589,15,17,333,452,1701,13,30,0,103,0,15,0,40,25
lan0qn9pmpwcxybpc2,2023-06-21 23:58:17.973861,0,44,7,0,1352,43,20,12,8,0,29,5,0,25
lan0qn9p9ye8h1n208o,2023-06-22 05:33:13.191858,0,0,7,0,1520,36,0,6,127,273,0,0,14,25
lan0qn9p75jf4igx64r,2023-06-22 03:41:40.794163,0,11,32,0,1620,0,0,0,145,0,34,42,0,25
lan0qn9py9zzlkobwq,2023-06-21 21:42:39.018626,38,0,0,228,1139,13,0,11,87,139,15,0,0,25
lan0qn9p2ixqe4hbe1,2023-06-22 01:30:22.331124,25,22,38,0,1712,0,8,0,0,276,18,32,9,25
lan0qna1muw9505ev,2023-06-29 00:59:50.186662,0,0,679,626,1093,30,18,0,675,24,0,0,0,26
lan0qna1ogh3dwmvn6,2023-06-28 22:56:34.536623,25,0,494,241,1756,13,27,0,458,0,1,0,1,26
lan0qna10q5j3ch5u3a,2023-06-28 19:15:38.976250,1,39,0,0,1388,33,0,45,6,225,0,0,26,26
lan0qna19kn1hxssvki,2023-06-28 21:29:21.168570,38,11,457,0,1083,49,0,48,9,478,0,20,0,26
lan0qna10jc56bkvlz8k,2023-06-28 18:30:30.380815,19,35,0,89,1476,25,34,0,33,451,0,0,0,26
lan0qna1ro78vq1a6a8,2023-06-28 22:56:38.046739,0,18,0,0,1411,0,0,42,10,0,0,10,0,26
lan0qna1mswdk5zcyb,2023-06-29 00:04:02.449080,43,0,395,0,1324,30,4,13,35,366,0,41,0,26
lan0qna1op24w0ks10c,2023-06-29 07:19:02.250318,0,10,8,0,1124,0,0,0,32,603,0,0,27,26
lan0qna1f5e5dzocg8,2023-06-28 17:22:52.675893,45,11,26,144,1219,14,4,0,451,628,0,21,30,26
lan0qna1t9d980rw3f,2023-06-29 00:48:29.444568,7,27,0,0,1748,0,28,22,106,315,0,45,37,26
lan0qna1616rnkg7l7u,2023-06-28 22:05:28.381170,0,35,0,368,1532,17,0,49,784,536,0,6,0,26
lan0qna1pgof09adbp,2023-06-29 04:25:35.518823,0,0,19,174,971,0,0,0,814,716,0,39,0,26
lan0qna1zsu47yfkygm,2023-06-28 19:13:04.598081,0,0,1,532,1090,0,2,0,43,0,0,0,0,26
lan0qna1e1q5rlyrafm,2023-06-28 19:23:20.430920,0,32,770,0,1636,0,30,30,0,305,3,0,0,26
lan0qna1tzcnuev74jr,2023-06-29 07:25:28.503030,0,0,0,0,1079,0,0,0,589,454,0,0,37,26
lan0qna1i9m6i4z0x7l,2023-06-28 23:42:58.942687,39,0,543,620,1309,4,10,11,0,735,42,31,49,26
lan0qna1aztl4fhemn,2023-06-28 22:47:44.485041,40,29,633,796,1208,19,47,7,19,167,49,0,42,26
lan0qna1ey9gnhn5xap,2023-06-29 07:53:45.432647,10,0,31,701,1312,26,42,0,767,477,0,40,5,26
lan0qna1s3igm0hqsg,2023-06-29 00:01:13.267278,25,0,612,0,1428,0,30,0,201,299,38,4,33,26
lan0qna1h1eca3bfj4f,2023-06-29 02:35:10.845691,39,0,0,295,1105,40,38,0,0,97,20,0,42,26
lan0qna1mmdqfhezyc,2023-06-29 04:56:08.493260,0,0,0,123,1712,0,38,0,523,288,0,29,11,26
lan0qna1odllq5gojxk,2023-06-29 01:47:22.358628,0,0,32,0,1470,33,0,0,0,228,47,0,38,26
lan0qna1mzpdscjtyip,2023-06-28 18:14:02.403432,44,0,8,0,1043,46,28,21,28,63,11,0,18,26
lan0qna1d1kzl9t8ced,2023-06-28 20:13:47.923634,0,42,0,0,1581,0,0,17,9,62,20,0,0,26
lan0qna19asqvorl0xe,2023-06-28 17:58:14.157316,13,49,0,441,1010,0,0,0,0,0,38,0,48,26
lan0qna17wsjxryc51n,2023-06-29 00:08:34.298068,0,5,712,0,1509,0,44,0,0,0,0,6,0,26
lan0qna17ivs70j8ume,2023-06-28 16:46:36.917086,0,47,614,566,1674,0,0,37,0,0,14,8,45,26
lan0qna1rcpcoyuasf,2023-06-29 01:47:21.025174,0,0,90,570,1104,0,48,0,646,545,0,0,29,26
lan0qna1ry4ojp0iybe,2023-06-28 18:33:19.207290,0,45,153,579,1609,0,12,0,0,0,0,0,29,26
lan0qnabjq4djbe9kgd,2023-07-06 05:44:03.159800,47,3,655,0,851,0,27,0,0,0,48,0,0,27
lan0qnabay6h3mm6qv,2023-07-06 00:30:24.491365,21,0,909,0,1625,23,0,0,1,0,0,45,0,27
lan0qnab06owtu22fer,2023-07-06 08:09:42.896243,10,21,37,566,1172,0,0,0,0,0,0,40,0,27
lan0qnabqy1995e0i57,2023-07-06 03:00:52.502761,0,35,862,0,1111,47,0,0,1070,952,0,2,41,27
lan0qnab1jok613h73v,2023-07-06 05:34:44.265981,0,18,884,0,866,12,16,0,0,0,0,2,23,27
lan0qnabph8in7tl9f,2023-07-05 17:52:09.046103,27,0,414,0,1514,0,30,0,823,559,0,0,16,27
lan0qnabxuum1dt108h,2023-07-05 16:21:38.998339,0,0,0,0,1607,0,0,0,879,0,43,13,0,27
lan0qnab2yt7lpbryq6,2023-07-06 05:05:54.369467,0,0,0,1017,867,47,38,38,0,0,9,0,0,27
lan0qnabfxjtm5g9r5p,2023-07-05 17:42:27.325652,20,0,961,0,1634,43,8,16,49,402,0,28,0,27
lan0qnab5rh2tkmrpma,2023-07-05 19:29:48.888822,0,34,314,0,1596,42,41,32,796,0,47,0,25,27
lan0qnabe9fd9666o8w,2023-07-06 07:45:21.116009,43,7,962,809,1305,0,45,3,468,843,0,0,28,27
lan0qnabbw6p4bsa5la,2023-07-05 21:18:49.566513,0,0,5,0,1160,0,27,42,1062,888,0,20,0,27
lan0qnabl7oc8gr5aag,2023-07-05 22:19:32.432148,0,0,0,0,1230,0,0,0,361,0,9,35,16,27
lan0qnabo3qnz8oax5j,2023-07-06 01:05:18.324715,0,5,48,1017,966,0,0,35,353,0,41,47,0,27
lan0qnabhtpnetrefwb,2023-07-05 21:55:40.053790,24,0,755,0,919,29,0,8,955,1082,0,8,36,27
lan0qnabugvv2ebjs8c,2023-07-05 23:14:10.130366,38,25,0,0,1282,0,32,0,10,596,25,48,0,27
lan0qnabdjqzgukqyus,2023-07-06 07:07:46.775568,40,49,509,839,1627,46,16,8,0,619,0,4,31,27
lan0qnabfxrg8hllw5c,2023-07-06 05:04:01.427592,0,0,0,0,980,0,47,29,0,0,0,9,12,27
lan0qnab9jsw5lwuf2j,2023-07-06 04:32:36.468437,0,0,788,534,1538,49,0,28,521,0,0,23,25,27
lan0qnabmtu28thfdy9,2023-07-05 22:03:50.537607,0,1,451,588,1427,0,41,0,1075,0,14,34,23,27
lan0qnan4r4je33bnbx,2023-07-13 02:52:39.721624,0,14,138,0,1543,36,0,44,418,0,0,44,12,28
lan0qnanwla9uihoyy,2023-07-13 07:14:12.428286,45,0,639,276,1496,0,44,0,23,0,0,8,41,28
lan0qnanf52oltaf3op,2023-07-13 02:43:37.136813,0,33,0,587,1500,2,37,41,0,0,40,0,0,28
lan0qnanixz7e335zl,2023-07-12 21:51:52.376167,0,40,326,406,1380,0,0,31,89,587,30,33,11,28
lan0qnanvr6rcvofkcn,2023-07-12 18:54:32.499149,0,35,554,320,1419,24,0,48,17,41,28,0,0,28
lan0qnanagquoygv42e,2023-07-13 04:58:50.434423,3,12,341,0,1302,34,0,0,29,0,0,0,0,28
lan0qnanl5s72jnst5,2023-07-12 19:20:45.696921,0,21,0,0,1392,0,36,23,89,0,0,30,0,28
lan0qnany35slljgxth,2023-07-13 06:49:06.186426,30,0,43,0,853,45,0,0,609,0,0,38,0,28
lan0qnanwq84jb4tgu,2023-07-13 03:15:38.058847,36,0,0,530,1336,42,0,0,0,0,2,37,40,28
lan0qnan9eo5syznqz,2023-07-13 01:03:54.069328,0,0,42,359,989,0,0,0,336,0,43,49,0,28
lan0qnans2ix77v25m,2023-07-12 21:19:22.703311,2,0,0,0,816,0,25,1,196,720,0,0,0,28
lan0qnan2jiizmubrug,2023-07-13 07:12:38.090768,0,27,24,389,1292,29,7,0,0,604,0,15,0,28
lan0qnan55raknfa7ti,2023-07-13 04:31:46.983899,44,0,192,0,876,48,25,11,0,0,0,32,26,28
lan0qnan7xe3450kwjg,2023-07-12 18:09:03.560539,42,0,651,39,844,0,0,0,495,0,24,0,4,28
lan0qnanqfozkvgyg7f,2023-07-12 17:54:09.364424,45,0,42,641,1136,0,0,0,713,0,0,0,0,28
lan0qnan3pt5ke4zj5v,2023-07-12 20:16:01.775447,47,0,0,695,987,14,0,48,0,0,34,40,0,28
lan0qnanz08hg1draeg,2023-07-13 07:59:36.709394,0,0,103,388,1112,0,0,0,4,0,37,0,0,28
lan0qnan0bs1kpf2j9h,2023-07-12 17:04:47.951089,0,10,358,0,1146,1,33,2,0,0,0,0,0,28
lan0qnan3rpkipuygbu,2023-07-12 20:42:29.671219,34,0,3,178,1285,33,15,49,87,0,0,0,0,28
lan0qnan5spqwqds81p,2023-07-13 05:01:03.224396,23,8,174,0,1517,3,32,0,367,410,28,0,49,28
lan0qnazns8obxcr07,2023-07-20 01:19:25.435604,0,0,359,0,1367,37,33,36,0,0,34,12,26,29
lan0qnazwfecha9jilc,2023-07-20 03:30:11.805057,44,0,460,0,1338,49,0,0,25,0,0,9,0,29
lan0qnazvc6q4d687n,2023-07-20 07:10:45.283744,0,0,200,164,1225,0,0,0,0,206,31,48,0,29
lan0qnaz79oskn0f3f5,2023-07-20 08:23:57.082199,16,0,0,280,1473,0,0,0,48,0,0,11,0,29
lan0qnazot0zn3npmhm,2023-07-19 19:27:25.055178,0,19,1,0,893,17,0,40,104,154,8,43,0,29
lan0qnazqzhpfb5opyp,2023-07-20 01:56:37.416446,11,34,444,0,950,36,32,0,284,112,0,10,0,29
lan0qnazqi6h6cp9wyn,2023-07-20 07:29:59.249526,7,8,222,253,1195,0,0,20,0,0,0,16,0,29
lan0qnazj7co7mlo6e,2023-07-20 01:40:41.031604,26,0,0,0,1366,0,0,0,37,121,16,0,38,29
lan0qnazqz68had3r,2023-07-19 23:35:07.649592,0,0,345,0,943,0,14,0,97,59,0,0,8,29
lan0qnazmygectftmj,2023-07-19 22:57:47.088744,3,0,325,0,1199,0,0,44,16,289,8,0,0,29
lan0qnaz2h0dcbd9b49,2023-07-20 00:37:06.459050,0,17,0,0,1138,0,0,18,178,73,0,0,37,29
lan0qnazpxfry1ofsf,2023-07-20 02:19:14.008391,25,22,352,388,1324,8,10,30,433,481,0,0,42,29
lan0qnazx9662xmr6nl,2023-07-19 21:10:08.579709,5,24,62,106,1313,23,0,0,0,78,0,0,35,29
lan0qnbcm55wv0npgb,2023-07-27 06:44:42.034732,28,7,174,0,1243,0,0,0,41,591,0,0,21,30
lan0qnbcr5cf6fhbs8,2023-07-26 20:34:35.219197,0,1,28,598,1372,24,0,0,0,54,22,32,0,30
lan0qnbc77n73qp0hxh,2023-07-26 19:08:08.512003,38,1,426,331,1229,13,12,0,285,666,46,36,9,30
lan0qnbchrvjb6jlswn,2023-07-26 16:27:20.557768,0,0,48,0,789,0,1,0,483,0,19,41,0,30
lan0qnbc572wgwcjdus,2023-07-27 06:34:16.284796,0,0,0,0,877,0,10,0,137,504,29,18,0,30
lan0qnbcscblacvd8xa,2023-07-26 16:22:27.501117,0,49,209,0,918,40,0,27,252,232,29,27,0,30
lan0qnbch3gh90ho57e,2023-07-27 07:18:54.851330,0,43,554,0,977,0,0,0,281,0,0,0,49,30
lan0qnbcqkxp995wggf,2023-07-27 00:38:49.301726,0,0,102,528,1191,0,0,1,341,86,2,0,0,30
lan0qnbcqezokiqqs7e,2023-07-26 19:24:18.185855,15,16,1,0,1300,0,6,3,10,70,25,16,0,30
lan0qnbcxuwpyh9zs49,2023-07-27 03:21:16.053215,8,23,182,773,1264,12,0,27,0,0,1,0,30,30
lan0qnbcfhdmly79qwf,2023-07-27 07:24:14.108438,0,0,466,0,1227,45,0,9,42,704,0,4,0,30
lan0qnbcwvh2mc9of68,2023-07-27 05:23:30.413675,0,30,682,462,1354,0,0,41,164,0,40,0,0,30
lan0qnbcgyluwgf2dad,2023-07-27 08:01:06.270921,0,15,703,190,929,0,0,29,541,0,42,0,0,30
lan0qnbcephk3vrsvcb,2023-07-26 19:32:01.763717,22,0,192,0,1432,0,0,46,381,361,22,0,0,30
lan0qnbcmijn30j0nce,2023-07-26 22:49:38.920839,24,42,0,0,975,48,0,39,44,661,7,21,0,30
lan0qnbcq1pooioigj8,2023-07-26 20:58:16.475935,21,44,326,491,705,0,0,35,47,729,0,5,0,30
lan0qnbcnhcv8xwmzoc,2023-07-27 01:27:38.119763,0,35,28,0,1328,11,34,0,706,0,39,0,10,30
lan0qnbcsbf0koo0ir,2023-07-26 16:43:24.280729,0,0,26,0,752,11,0,1,299,0,41,1,0,30
lan0qnbcvlg7spj6ofp,2023-07-27 02:09:32.982541,0,30,265,0,1205,5,33,25,19,775,0,46,0,30
lan0qnbob6zs3kz4y5b,2023-08-02 16:45:54.417923,0,49,2,1043,1054,5,42,0,0,671,44,0,49,31
lan0qnbowp043syspn,2023-08-03 00:45:56.378333,0,0,25,0,799,0,0,39,541,0,27,0,0,31
lan0qnboeyfqny5ri9p,2023-08-02 19:22:19.830690,15,0,25,0,1232,0,0,48,549,844,0,10,31,31
lan0qnboztdpp806ilg,2023-08-02 22:39:30.576677,0,10,364,0,680,10,22,0,1026,0,0,17,0,31
lan0qnboini5kytd2gi,2023-08-02 20:24:19.227529,35,0,22,0,867,18,0,0,0,0,0,0,5,31
lan0qnbop0rlnpe9nf,2023-08-03 06:01:39.384698,0,0,541,0,989,18,1,19,0,0,10,27,11,31
lan0qnbox48f2b29vu9,2023-08-02 22:51:54.817470,0,40,0,0,928,0,15,0,437,0,0,0,0,31
lan0qnboq936ppk0b4q,2023-08-03 06:01:26.392196,0,0,4,0,1152,6,49,3,676,0,25,8,43,31
lan0qnboax3qezvem79,2023-08-03 02:42:32.513278,0,0,394,443,697,0,0,0,1049,374,0,42,34,31
lan0qnbo08jakqf79old,2023-08-03 06:20:19.548551,27,35,0,446,865,48,0,41,925,0,0,0,0,31
lan0qnboekehnrqhcs8,2023-08-02 20:02:56.805402,42,48,0,0,1202,0,37,5,746,641,22,21,0,31
lan0qnboiya80atlrmm,2023-08-02 23:39:17.809123,34,0,0,1080,1086,0,4,44,46,0,49,24,0,31
lan0qnbojwpd2gl22y,2023-08-02 22:48:42.571774,31,0,46,509,1167,4,7,14,1093,0,20,0,0,31
lan0qnbodsoobiad798,2023-08-02 20:05:11.511326,31,0,27,387,1147,0,29,0,23,0,0,42,0,31
lan0qnborfxt62w5hqp,2023-08-02 20:50:49.965428,0,30,0,809,1102,0,0,0,39,0,0,27,12,31
lan0qnboamlz0xi7kpm,2023-08-02 20:12:39.141895,0,0,0,0,1115,41,11,0,1,0,16,0,0,31
lan0qnbo2lyv7vebav,2023-08-02 17:13:12.865992,0,0,360,395,945,0,26,0,732,1037,0,39,2,31
lan0qnc0z14v5d327p,2023-08-09 23:47:56.128457,0,21,775,0,657,38,39,3,4,439,0,0,40,32
lan0qnc0pn4cnxngzvq,2023-08-10 07:42:51.934641,38,27,652,225,1072,18,0,0,740,98,14,39,34,32
lan0qnc0vkv7vconvd9,2023-08-09 21:48:19.865243,0,1,3,207,687,0,33,10,0,28,30,44,0,32
lan0qnc0jw0ubleaxv,2023-08-09 18:16:54.523615,0,1,214,0,1023,5,0,0,1,688,0,27,37,32
lan0qnc0a6b84ufdpkg,2023-08-09 18:34:15.884667,0,29,24,0,1162,22,29,1,68,436,0,0,49,32
lan0qnc0p3tdxa1gvyi,2023-08-09 17:50:19.810412,0,0,0,527,679,4,9,0,528,450,12,0,2,32
lan0qnc077sqfn5uona,2023-08-10 04:13:11.429448,0,0,21,111,1399,0,9,10,43,87,6,32,0,32
lan0qnc0bkiqz7zrro6,2023-08-10 01:07:10.477967,3,30,3,192,1141,0,0,0,0,450,49,45,42,32
lan0qnc0ei3g6gb354q,2023-08-09 23:56:09.064651,47,3,614,0,692,17,0,0,121,0,0,0,24,32
lan0qnc09zw6jct4et8,2023-08-10 02:20:36.630006,0,31,0,0,1406,8,29,48,159,148,0,0,0,32
lan0qnc05v7guoxieon,2023-08-10 03:44:48.995209,16,0,0,267,794,26,20,11,0,0,7,32,40,32
lan0qnc01lpcfgbprut,2023-08-09 17:09:23.942818,0,0,69,432,1371,38,0,0,600,248,33,4,0,32
lan0qnc0ss9rjzoxaw,2023-08-10 08:44:04.520032,38,35,649,278,716,3,0,20,0,0,0,39,0,32
lan0qnc0ldeyaj1fcj,2023-08-10 00:24:13.167511,0,15,40,696,1146,18,0,0,770,376,0,0,0,32
lan0qnc044xomy3xi6d,2023-08-09 19:20:33.234324,0,32,151,407,1017,23,0,0,0,484,0,36,23,32
lan0qnc0atbaclxrxpv,2023-08-09 19:06:54.212465,0,0,552,0,873,0,0,34,227,30,0,0,0,32
lan0qnc0ov8ipc98px8,2023-08-09 21:39:15.996123,0,30,380,462,873,0,0,10,0,0,18,0,3,32
lan0qncc0wn8o4tf4kl,2023-08-16 19:48:51.860306,6,0,376,141,884,41,20,0,28,224,0,0,0,33
lan0qnccjeo7vl19ra,2023-08-16 20:45:51.508794,41,0,358,0,952,0,0,16,138,83,17,34,0,33
lan0qnccinfx7sh8s5n,2023-08-17 08:18:32.311176,0,11,103,69,1052,25,0,17,6,0,33,17,19,33
lan0qncc07kc4h69oq2t,2023-08-16 17:29:04.327493,0,15,270,0,739,0,48,0,415,0,0,32,23,33
lan0qnccosp2asogmc,2023-08-16 21:27:51.682279,43,12,259,254,1193,6,0,48,41,0,0,18,42,33
lan0qnccpcv25ovgwe,2023-08-17 06:23:52.341275,0,0,0,0,1473,0,40,0,31,267,0,39,0,33
lan0qnccz2fji7a3ivr,2023-08-17 05:30:50.430445,0,0,210,489,1016,48,29,48,24,0,0,3,12,33
lan0qnccuycmk2gv5ii,2023-08-17 04:52:17.085073,0,0,4,486,890,0,35,41,40,0,14,0,0,33
lan0qncclq780he9to9,2023-08-16 17:37:44.255498,0,34,0,0,1126,6,0,28,0,491,36,10,11,33
lan0qncc8s86vn1p935,2023-08-17 00:37:46.135020,9,0,392,27,1249,24,0,0,0,80,33,0,7,33
lan0qncck7lns13zs6,2023-08-16 21:58:23.378278,0,0,282,0,1501,5,5,9,194,318,0,0,0,33
lan0qncctfdnfy4se9j,2023-08-16 17:35:23.978552,0,27,0,0,1409,2,35,0,0,0,0,38,39,33
lan0qnccakzk3x4un6u,2023-08-17 04:52:03.493491,44,0,0,0,1184,0,22,34,32,20,30,0,34,33
lan0qncces8g1ehkx4n,2023-08-16 19:36:35.308476,0,0,6,58,963,20,0,31,2,242,0,6,40,33
lan0qnccbc56udw243,2023-08-16 17:36:39.423392,3,0,0,0,753,24,0,0,0,0,0,0,1,33
lan0qncc4jy5b2gwoc,2023-08-17 05:31:22.898989,15,47,152,0,1478,0,20,41,0,0,0,0,31,33
lan0qnccr1gb0b6yy4b,2023-08-17 08:21:36.167683,0,0,44,0,780,0,0,32,6,353,35,10,0,33
lan0qncczc26ikx02is,2023-08-17 08:24:16.786653,0,0,99,0,1001,21,37,40,20,0,20,0,19,33
lan0qnccnpmgud43up,2023-08-17 06:20:23.449844,0,48,30,142,1110,0,0,33,0,161,0,0,0,33
lan0qncc3govwxalveq,2023-08-16 23:29:57.609774,0,0,0,0,1185,35,25,23,492,0,0,0,0,33
lan0qnccc8h4sit3rld,2023-08-17 03:43:23.817191,16,0,71,86,1342,0,16,39,136,0,14,31,0,33
lan0qncctroxjcsutos,2023-08-17 02:39:09.247881,0,23,442,285,732,2,0,35,26,173,0,0,0,33
lan0qncc3dgxer5fpy2,2023-08-16 19:47:52.921506,0,2,123,375,1112,0,0,46,299,54,46,0,32,33
lan0qnccx81wyh9wc1g,2023-08-16 23:04:44.613762,0,0,31,0,1325,14,0,41,0,405,0,0,19,33
lan0qncc04ahau7qa209,2023-08-17 02:43:59.158094,4,0,451,50,1357,25,0,0,317,77,27,42,8,33
lan0qncc6zahidrishk,2023-08-17 01:14:21.569334,16,0,23,273,775,15,24,0,357,467,0,0,0,33
lan0qncc6ak65gdpsoi,2023-08-16 23:35:00.094394,0,0,0,0,1033,6,0,11,66,0,0,14,0,33
lan0qncmru9t9xg2uia,2023-08-24 00:09:13.406276,48,0,761,77,1079,0,0,0,17,713,0,0,20,34
lan0qncmhpn5lr6q5v,2023-08-23 23:59:02.665400,0,0,273,0,1175,36,5,7,128,237,22,0,0,34
lan0qncm51dfkwpm8an,2023-08-24 02:52:23.635007,0,0,467,250,1200,0,0,0,37,451,0,3,12,34
lan0qncm9ivshms96f,2023-08-24 01:39:46.317302,0,11,328,533,1101,0,29,24,261,774,0,9,16,34
lan0qncmwxg0ffvb2ze,2023-08-23 21:56:34.417660,0,10,28,747,1275,3,0,0,428,0,47,0,18,34
lan0qncmatbtumq7gg8,2023-08-23 19:04:41.712922,0,0,0,602,956,0,45,1,243,0,33,0,18,34
lan0qncmwa6kmfi0h7f,2023-08-24 05:06:56.098919,0,0,561,822,1132,0,37,0,694,31,8,28,0,34
lan0qncmabiuf0pf4gt,2023-08-24 06:39:30.579249,35,0,9,0,1304,0,0,0,3,537,0,2,25,34
lan0qncmq65ug0jsjtq,2023-08-23 22:28:44.852966,1,0,46,0,1322,0,23,0,0,0,43,0,0,34
lan0qncm4uq5vai0b2o,2023-08-24 06:02:22.944190,0,0,0,756,1506,1,47,42,0,0,0,0,2,34
lan0qncmufaq3zy1ttp,2023-08-23 20:12:48.134984,31,42,0,653,1423,45,45,0,532,0,0,0,7,34
lan0qncmxwtgtbnpjx,2023-08-24 04:01:28.451807,0,0,162,0,1300,0,0,0,151,740,44,8,0,34
lan0qncmdt0bymkqwim,2023-08-24 01:15:30.815200,32,37,588,0,1412,0,0,0,479,0,0,0,0,34
lan0qncmg8q33j7zon,2023-08-24 03:27:23.998064,37,0,455,0,1196,47,39,41,20,688,46,18,42,34
lan0qncm3imqhelslcw,2023-08-24 06:22:31.448824,46,0,27,0,874,37,49,43,628,0,12,0,27,34
lan0qncmn0zi5cdqp9q,2023-08-23 21:49:13.366605,47,0,47,0,1196,36,0,5,0,0,24,0,0,34
lan0qncmiuhvhckr4c9,2023-08-24 04:47:30.947029,40,5,371,0,1042,32,0,36,501,0,33,0,0,34
lan0qncm5n226doqeq2,2023-08-23 19:58:28.618897,0,22,622,0,1427,0,0,32,175,738,0,21,0,34
lan0qncm9l7rz64u0pt,2023-08-23 23:02:53.728273,0,0,85,69,1586,38,0,0,0,87,0,31,31,34
lan0qncx952fvdmywrm,2023-08-30 21:28:16.802523,0,18,8,534,1601,28,0,38,1082,835,0,0,0,35
lan0qncxojegmxs6xt8,2023-08-31 03:47:26.341515,37,0,1091,312,1160,0,48,22,882,307,47,0,0,35
lan0qncx78yj23leo9p,2023-08-30 23:10:28.014845,0,0,46,0,1248,13,0,32,0,707,0,0,0,35
lan0qncxhi299uadqy,2023-08-30 20:19:35.367998,0,0,34,472,1343,3,18,0,520,392,39,11,0,35
lan0qncxvabb76npnv,2023-08-31 04:03:37.959887,0,0,830,0,1157,36,6,33,0,668,18,0,0,35
lan0qncxjs05u76tcgc,2023-08-31 01:00:37.884039,0,35,0,942,1142,5,0,0,417,0,6,25,0,35
lan0qncxbump6ofzbd,2023-08-30 17:34:35.565613,0,17,446,954,1247,0,33,27,594,0,0,23,0,35
lan0qncxb34aj3zzcym,2023-08-30 19:58:29.543831,5,0,778,310,1395,0,7,34,41,326,0,0,31,35
lan0qncxq1ohpf5vmu9,2023-08-31 05:37:17.512367,0,0,911,339,1132,0,0,30,702,0,48,48,0,35
lan0qncxs0yrlslil9,2023-08-30 21:06:22.215674,7,0,500,0,1266,0,40,0,15,0,0,0,0,35
lan0qncxkn2om5wnyzp,2023-08-30 20:42:17.443208,0,27,40,1014,1360,0,12,0,0,0,27,18,0,35
lan0qncxeeb6xdz51pp,2023-08-30 17:57:14.384911,24,0,0,0,1337,33,0,0,0,1039,10,25,14,35
lan0qncx63y0o8azky7,2023-08-31 00:27:24.560848,0,27,0,303,1213,27,0,29,671,983,0,48,35,35
lan0qncxijdm0ff6n6i,2023-08-30 22:37:32.901166,0,0,47,1006,965,18,47,0,968,0,14,0,0,35
lan0qncxp807prohna,2023-08-30 20:22:46.701194,20,0,0,635,929,47,29,0,324,0,0,29,0,35
lan0qncxdypukr6z6os,2023-08-31 02:06:02.876931,27,17,649,852,1665,0,28,0,16,624,34,22,13,35
lan0qncx6lc53n2bzi,2023-08-31 04:58:24.054270,4,0,385,520,1144,0,0,0,32,0,0,24,0,35
lan0qncxh6y5llg0lm,2023-08-31 04:26:58.535163,0,0,454,0,1188,0,0,27,982,383,25,37,38,35
lan0qncxequptk8ko7s,2023-08-31 08:00:28.673121,0,34,859,306,1665,0,22,0,8,646,0,32,0,35
lan0qncxzrutdnwe3c,2023-08-30 17:29:05.255897,48,0,612,377,1331,25,0,0,0,0,23,48,5,35
lan0qncxz2im69a10xp,2023-08-31 01:34:55.488787,0,10,811,0,1564,0,42,45,1061,580,0,8,0,35
lan0qncxctdounlpqm6,2023-08-31 00:51:45.544920,40,0,40,0,1379,0,2,5,655,0,0,0,0,35
lan0qncxxp4j7tz73s9,2023-08-31 00:21:15.978392,0,0,892,653,1629,0,11,20,617,980,0,0,10,35
lan0qnd85dflw8xm88m,2023-09-07 01:16:00.066672,0,47,540,0,1734,14,0,0,10,683,0,2,0,36
lan0qnd89bltbsh45c9,2023-09-06 22:43:15.448952,0,0,31,0,1403,17,0,0,42,385,30,0,0,36
lan0qnd8bw9zvdnocua,2023-09-07 02:05:14.943724,0,0,0,18,1653,0,0,0,39,772,40,15,23,36
lan0qnd8r8r66zfjkok,2023-09-06 20:30:46.052716,37,28,18,0,1259,8,12,8,20,546,0,37,0,36
lan0qnd84c58x14ac5x,2023-09-07 07:14:36.681920,0,0,571,762,1172,0,0,0,0,0,0,0,48,36
lan0qnd8vjkyk9oz06,2023-09-07 07:52:09.597095,44,12,374,0,1587,0,40,0,0,197,0,0,0,36
lan0qnd8ad5i7wd2k4w,2023-09-07 00:02:51.488457,39,22,140,0,1205,0,48,36,48,0,0,20,0,36
lan0qnd825b8i8zikrw,2023-09-07 02:23:19.439986,2,0,0,118,1735,5,0,0,685,225,18,0,0,36
lan0qnd83g5fw0azabm,2023-09-06 17:08:04.963310,0,0,349,0,1221,40,36,0,0,0,42,30,15,36
lan0qnd8fd4yzlcj649,2023-09-07 04:05:25.364774,0,0,77,100,1721,26,0,2,0,344,0,44,16,36
lan0qnd8arh1c7o1f6n,2023-09-07 03:28:14.074067,0,10,131,0,1189,0,37,0,0,0,10,18,0,36
lan0qnd8bcyur1chpse,2023-09-06 22:03:48.287255,47,0,691,601,1088,5,18,15,0,0,0,0,0,36
lan0qnd84ycl5eq7i5p,2023-09-06 16:51:52.369138,22,6,0,0,1128,21,45,0,13,0,0,49,0,36
lan0qnd856slkavwamb,2023-09-07 02:16:20.119202,0,1,295,488,1735,31,0,24,96,676,0,0,13,36
lan0qnd8g0u6d8v0yak,2023-09-06 22:06:53.148942,14,24,0,363,1464,37,30,0,27,663,39,0,44,36
lan0qndkyloq9lcru9g,2023-09-14 08:09:54.016888,12,42,269,105,1516,0,17,0,0,0,0,0,0,37
lan0qndk4szptkunj8s,2023-09-14 05:20:49.325833,16,0,32,352,1317,0,17,43,493,0,31,0,2,37
lan0qndkplv8ve3i0w,2023-09-13 23:14:29.153157,21,48,0,0,1591,29,0,0,155,0,0,0,0,37
lan0qndku3dxbo2py5c,2023-09-14 01:27:54.238527,0,37,18,105,1343,36,9,0,177,0,6,19,0,37
lan0qndk4zbssvkslhg,2023-09-14 08:36:19.464321,0,29,149,131,1635,0,14,28,190,202,0,0,0,37
lan0qndk47kd94ynfv8,2023-09-13 16:48:34.147665,0,0,266,6,1372,5,0,0,278,220,18,22,15,37
lan0qndkg40sc08t4ht,2023-09-13 23:08:34.842695,6,0,251,172,1753,0,21,0,401,9,0,0,29,37
lan0qndki1473uct98d,2023-09-14 00:29:32.733021,4,21,40,281,1638,13,0,0,0,0,33,33,0,37
lan0qndkj4ocb3tk6n,2023-09-13 18:54:19.624176,44,31,85,74,1337,30,8,0,9,0,35,36,6,37
lan0qndk7c94h9lwetk,2023-09-14 06:11:19.561253,0,26,0,350,1920,23,0,46,43,0,0,49,0,37
lan0qndklp34zu0v6c,2023-09-14 00:03:55.856929,41,18,471,264,1203,0,23,0,30,0,0,47,0,37
lan0qndk8gs9x60sq1v,2023-09-13 17:50:17.198334,47,41,114,0,1264,0,6,42,0,181,0,48,6,37
lan0qndke4rrul1j738,2023-09-13 18:11:51.566756,0,35,0,450,1401,33,0,0,11,0,0,0,0,37
lan0qndk1pykqldqpdk,2023-09-13 18:47:55.178217,29,4,0,0,1773,4,0,0,452,0,0,0,0,37
lan0qndkkt3xo0z9ch,2023-09-14 08:35:42.768873,0,42,44,0,1392,15,0,0,14,359,13,45,43,37
lan0qndw1pd8r507adc,2023-09-20 20:58:17.036706,13,0,46,0,1605,19,0,0,36,0,0,36,0,38
lan0qndw6soc0rxkm53,2023-09-21 03:51:04.400786,37,0,0,0,1941,38,40,0,11,0,42,21,46,38
lan0qndwz0hl9u7ced,2023-09-20 23:35:51.870087,0,27,651,447,1410,27,25,0,17,0,49,27,40,38
lan0qndw90w3lnn8hbp,2023-09-20 23:45:50.888416,0,0,621,0,1646,0,0,0,419,0,38,0,20,38
lan0qndwgjrdl6boe1c,2023-09-21 04:55:53.716689,5,21,780,715,1980,19,20,33,155,564,27,21,9,38
lan0qndwm8a8xilngi,2023-09-20 22:56:56.412323,9,0,584,0,1630,0,0,39,0,716,0,0,43,38
lan0qndwsibakaxwoge,2023-09-20 21:53:13.176445,0,31,557,0,1403,3,0,40,6,0,0,11,0,38
lan0qndwdcioihgcqqd,2023-09-21 06:37:16.340024,38,7,440,0,1735,0,0,0,26,124,0,0,30,38
lan0qndwh7tpffyz3in,2023-09-20 22:25:21.192748,31,0,444,0,1525,35,0,3,368,0,0,32,0,38
lan0qndw4vxnodn89ct,2023-09-20 23:43:54.133840,32,18,461,0,1632,0,0,0,17,523,36,0,0,38
lan0qndwr7pd4bziz2,2023-09-21 07:50:05.296359,0,0,0,330,1650,0,15,16,707,0,0,5,0,38
lan0qndwsymtqdz7ve,2023-09-20 21:10:18.296974,0,2,289,0,1666,0,0,48,0,0,13,0,48,38
lan0qndwvh495zj70u,2023-09-20 21:04:20.226878,44,21,632,509,2092,8,11,4,44,25,16,0,25,38
lan0qndwvzb5ntioi7,2023-09-20 16:25:16.048220,0,42,0,1,1341,43,0,0,0,0,0,41,0,38
lan0qne7gx192gim5eq,2023-09-28 04:48:51.170404,0,5,0,720,1941,0,0,0,885,394,36,0,0,39
lan0qne7nrxvi4idwwc,2023-09-28 03:25:47.497094,14,18,807,536,2075,0,0,0,541,828,0,8,0,39
lan0qne7rtlm8fyvm9,2023-09-28 08:29:52.942245,0,0,634,0,1566,18,0,8,28,1025,0,0,0,39
lan0qne77vy0lwwduer,2023-09-27 17:48:19.766671,0,38,1033,931,1717,3,15,0,16,875,0,0,1,39
lan0qne728nxm5kjiou,2023-09-28 05:48:31.277291,18,0,756,0,1733,49,0,0,387,0,0,35,0,39
lan0qne7rf3vd1jbb8l,2023-09-27 21:24:40.378021,8,0,595,0,2050,42,0,40,9,0,11,0,0,39
lan0qnef4x1w751getf,2023-10-04 18:30:33.368560,0,41,227,449,1730,0,48,0,0,440,0,0,19,40
lan0qnef1f0ac74a8cj,2023-10-05 05:13:16.839075,0,36,91,0,2195,0,20,0,0,154,33,41,13,40
lan0qnef7ovpo78az8,2023-10-05 05:22:44.505327,41,20,17,240,2264,0,0,0,3,0,39,0,45,40
lan0qnef7sfhjkh2tcj,2023-10-04 19:14:52.825431,23,21,0,723,1865,41,0,16,645,0,0,38,0,40
lan0qnef767cvm3ny5f,2023-10-05 01:40:45.450043,0,33,42,633,1748,0,23,20,24,408,29,0,7,40
lan0qneftr37c3944s,2023-10-04 16:59:58.361947,0,0,0,0,1538,0,0,0,19,0,0,11,48,40
lan0qneffeo88jfuj4q,2023-10-05 07:34:21.672677,0,41,210,358,1578,11,46,0,0,0,0,26,22,40
lan0qnefxkfhgalcr2,2023-10-05 01:11:51.385036,19,45,0,758,2201,0,8,0,759,26,0,35,31,40
lan0qnefxqfo5s1qym,2023-10-04 21:34:21.068654,0,0,683,0,2103,0,0,29,0,0,43,0,0,40
lan0qnef5kd9gg30wi,2023-10-04 18:11:28.417699,0,18,452,0,1735,0,0,0,477,604,0,0,0,40
lan0qneqoieofame7f,2023-10-12 08:27:58.285927,12,39,138,0,1818,0,3,47,0,0,0,0,0,41
lan0qneqqcz9ectp4yb,2023-10-11 21:25:47.064354,2,0,0,111,2318,0,0,28,24,0,0,2,38,41
lan0qneqry6wfa11ek9,2023-10-11 20:27:39.420098,0,1,284,0,1648,16,0,38,0,0,17,0,21,41
lan0qneqqytl06eygzd,2023-10-12 07:30:54.984140,0,0,107,0,1718,0,9,0,488,266,0,0,0,41
lan0qneq2m7n405pulp,2023-10-12 03:32:56.255965,0,0,23,490,2016,34,15,0,130,0,0,16,17,41
lan0qneqc7fx7ln7xlv,2023-10-11 16:29:06.773968,0,13,26,0,1749,0,17,0,20,0,0,41,27,41
lan0qneqa44ejwbsxrp,2023-10-11 20:46:58.335977,44,0,37,0,2265,35,30,37,24,30,29,35,8,41
lan0qneqo6p7oo1eqp9,2023-10-11 21:56:26.259106,14,0,19,0,1883,29,0,28,0,0,0,16,0,41
lan0qneqhnlb1a31efe,2023-10-12 05:39:55.323083,35,0,120,0,2343,38,5,2,327,17,27,47,0,41
lan0qneqbu61fbp6ryw,2023-10-11 23:23:26.893535,19,0,0,225,2002,5,37,35,0,0,0,32,0,41
lan0qneqoeupkwfw43o,2023-10-12 01:18:23.398643,46,13,66,232,2257,0,19,28,251,0,26,24,2,41
lan0qneqkh1zp99f70q,2023-10-12 08:41:55.325897,0,0,247,0,2184,33,0,0,474,0,25,0,0,41
lan0qneq241dapi3cjb,2023-10-11 22:21:52.066823,4,49,185,195,2327,31,30,16,405,418,0,46,0,41
lan0qneqxfmc496x5yl,2023-10-11 17:37:35.209210,0,1,0,470,2053,34,0,0,0,84,0,20,37,41
lan0qneqt8rla0ceu6d,2023-10-12 00:23:22.625575,0,1,3,166,2106,38,0,32,0,0,0,6,0,41
lan0qneqbgsz4em992q,2023-10-11 21:55:50.122766,0,0,89,269,2336,16,0,0,339,0,22,0,0,41
lan0qneqrggghc88e9m,2023-10-12 00:06:55.110347,0,27,3,499,2385,38,0,10,276,0,0,26,0,41
lan0qneqy0v6i0oa1ps,2023-10-11 20:45:44.578997,0,0,211,221,2018,0,0,0,41,0,0,0,6,41
lan0qneqdvjc65bmu2t,2023-10-11 18:01:29.293497,0,0,464,0,2197,0,0,0,105,0,0,0,0,41
lan0qneqvd7kjvc8xpm,2023-10-12 07:29:22.886424,31,15,34,95,1957,44,28,0,0,480,0,0,10,41
lan0qneqg9kb82pbx0r,2023-10-12 04:42:43.129728,0,0,130,485,1796,0,27,0,44,0,11,16,0,41
lan0qneqkjrnukqfmat,2023-10-12 05:41:27.735863,0,0,248,0,1868,28,0,33,15,0,0,42,2,41
lan0qneq3w65jl8ouma,2023-10-12 00:50:56.586621,0,26,131,269,1841,0,27,3,0,0,26,0,0,41
lan0qneqo5f0b2veo9r,2023-10-12 08:09:16.088475,35,0,320,0,2116,36,11,46,46,0,0,0,0,41
lan0qneqg15qg3sod9v,2023-10-12 01:01:51.524211,45,23,211,0,1736,10,41,20,0,0,0,18,0,41
lan0qneyn591jclhjur,2023-10-19 05:35:59.062381,0,0,406,0,1789,0,0,0,0,0,0,0,20,42
lan0qneyf8b9m9p58v,2023-10-19 07:47:07.717254,0,0,629,68,1997,0,0,14,26,798,20,19,2,42
lan0qneyaf788mgznf6,2023-10-18 21:10:01.010188,26,20,0,0,1825,0,0,0,125,0,5,0,2,42
lan0qneyj2qlki6xocs,2023-10-18 20:38:45.941531,7,0,26,0,2276,34,35,0,459,497,49,0,35,42
lan0qneygd4915ds3lr,2023-10-18 21:04:48.977530,0,0,0,0,2304,0,0,0,0,0,0,0,0,42
lan0qneygdfv2bftbnw,2023-10-19 08:26:35.568722,11,29,0,0,2340,0,0,0,6,201,19,0,35,42
lan0qneynm2dm80zpsk,2023-10-18 23:14:02.667559,42,0,528,350,2281,0,0,33,0,764,0,36,5,42
lan0qneyy9g9s8e0e8,2023-10-19 05:17:04.453581,0,11,0,0,2187,0,0,0,726,0,1,43,21,42
lan0qney0582mlezmrli,2023-10-18 23:35:16.747850,0,0,384,199,2005,0,0,0,40,312,17,0,30,42
lan0qneyg1rv2qp5x7,2023-10-18 19:56:01.996204,0,0,2,166,2452,0,28,26,24,0,0,0,0,42
lan0qney1owx1rkfl1n,2023-10-19 06:19:58.656691,0,40,17,0,2188,0,0,45,35,460,29,24,47,42
lan0qney7qrxemgmws2,2023-10-19 06:27:37.112625,43,25,10,251,2349,7,0,0,0,0,8,0,3,42
lan0qneygjksh9jvx0s,2023-10-18 17:38:06.055722,0,8,0,295,1682,46,0,23,619,497,12,40,0,42
lan0qneyqiux3xwmtu,2023-10-19 03:33:32.099522,36,0,296,494,1828,15,1,6,23,404,21,19,35,42
lan0qnezou0bvm4gmem,2023-10-18 17:51:54.898150,41,25,0,48,2097,23,26,0,0,690,0,11,0,42
lan0qnezfhp1nml5c8q,2023-10-19 01:44:37.379591,35,16,66,638,2441,16,6,41,460,97,0,0,0,42
lan0qnez5a3mpcd75km,2023-10-18 19:00:45.621280,0,10,141,0,2156,0,0,0,0,0,18,0,38,42
lan0qnezsx580tqyshh,2023-10-19 05:44:53.400970,0,0,449,389,2357,0,0,0,2,660,0,0,5,42
lan0qnez95xjc6lbe7,2023-10-19 06:58:49.419481,46,0,43,0,2194,0,44,0,266,668,11,0,25,42
lan0qnezyuyawe0ns78,2023-10-19 05:11:59.470744,6,0,122,119,2260,33,34,19,660,229,0,0,46,42
lan0qnez6f6ti17cq7a,2023-10-19 00:48:15.879155,0,0,451,719,2468,0,0,0,0,0,0,35,21,42
lan0qnezcxzvzypugn9,2023-10-18 19:30:46.552011,27,0,9,0,2036,0,0,0,11,489,24,45,12,42
lan0qnezm0lna6l2vop,2023-10-19 02:31:38.839325,0,30,24,361,2255,4,0,29,0,0,13,7,0,42
lan0qnezigpz4lyglxh,2023-10-18 17:54:13.041163,3,20,600,0,2123,0,0,39,93,613,46,5,26,42
lan0qnezj72oor24vzc,2023-10-19 06:17:56.986399,0,39,643,83,1789,41,14,0,646,0,0,27,35,42
lan0qnezfi9antvb6ut,2023-10-18 19:09:23.146884,0,7,535,0,1903,47,0,0,0,0,32,46,15,42
lan0qnezctsen2scg5r,2023-10-19 00:07:07.238547,0,23,0,0,2329,12,28,0,346,349,0,0,0,42
lan0qnezewunlktgo77,2023-10-19 01:14:30.425790,0,0,27,0,2090,0,23,0,293,0,0,38,0,42
lan0qnfi1tifwvfe4g8,2023-11-02 03:41:09.538286,0,11,623,557,2437,0,0,0,765,0,0,34,37,44
lan0qnfikb52qwhldpl,2023-11-01 22:03:46.838939,35,0,0,578,1731,0,16,0,511,586,49,30,2,44
lan0qnfimn4jpltnmy9,2023-11-01 18:50:35.922036,16,0,298,704,2241,29,0,0,0,0,0,27,39,44
lan0qnfiv3tyfwsuu8f,2023-11-02 07:09:35.603579,24,0,0,315,2001,0,45,0,187,0,0,0,0,44
lan0qnfrnt4p0vb6wqh,2023-11-09 05:50:54.837792,0,45,0,110,2236,23,0,49,41,0,0,45,12,45
lan0qnfrjp5mjg2jhjd,2023-11-09 06:31:56.942157,46,0,0,423,1897,23,0,13,15,0,42,0,0,45
lan0qnfrs7jmdfgnffk,2023-11-08 16:11:20.544933,0,0,0,0,1958,17,35,18,143,12,0,15,0,45
lan0qnfr37b9gxrhd5h,2023-11-09 01:15:03.870831,0,29,0,0,1863,5,0,0,95,395,28,25,0,45
lan0qnfr3fi7d08h05u,2023-11-09 01:44:07.826552,0,35,11,222,1920,0,8,0,33,166,0,39,8,45
lan0qnfru1htxj9iou,2023-11-08 22:22:09.193796,0,41,0,427,1844,0,0,26,0,304,17,0,28,45
lan0qnfrx74165w0r87,2023-11-08 20:10:47.996755,0,47,0,116,1677,10,6,38,271,0,28,2,0,45
lan0qnfru7ckvfqie0b,2023-11-08 17:37:28.135254,0,12,340,100,1792,14,0,20,35,0,7,7,0,45
lan0qnfr1rlogtlf99b,2023-11-09 08:16:09.331249,0,32,5,0,2185,0,19,41,0,290,0,0,0,45
lan0qnfrkvabg27p6x,2023-11-08 19:54:40.356904,38,0,0,0,2362,0,0,0,289,276,0,18,0,45
lan0qnfrenqhncovvo,2023-11-08 21:06:20.140390,0,30,0,0,1814,0,0,0,106,0,42,15,4,45
lan0qnfr2b5m4ppbgrh,2023-11-08 16:36:56.248495,2,31,2,102,1747,38,0,0,207,0,33,12,0,45
lan0qng2s1oqwxhboo9,2023-11-16 01:07:11.983175,0,0,37,232,2356,0,31,45,33,351,41,0,0,46
lan0qng2ev8vipm83te,2023-11-16 00:38:31.586737,0,6,9,0,1959,0,0,0,145,0,15,0,14,46
lan0qng2rmg5qjka7x,2023-11-15 18:37:55.757239,0,10,648,193,1620,0,11,0,47,0,18,0,0,46
lan0qng2xmwbx0mpqrr,2023-11-15 21:47:36.593548,0,26,438,708,1858,19,0,0,0,758,0,0,26,46
lan0qng2a5o0ib0q26n,2023-11-16 06:55:56.461220,0,44,8,0,2086,0,1,0,0,0,0,0,0,46
lan0qng271e2ijvvyvv,2023-11-15 16:30:19.010705,8,0,291,0,1687,0,0,42,6,0,0,0,34,46
lan0qng2s0971bfpumh,2023-11-16 05:20:19.521524,35,0,616,0,1682,14,3,0,780,0,0,0,27,46
lan0qng2dqwv0xxmyrb,2023-11-16 03:10:07.112146,0,20,39,0,1781,0,9,0,722,0,24,17,0,46
lan0qng2wqa6bhnkdc,2023-11-16 01:29:57.167112,43,15,424,0,2160,0,0,17,181,0,44,0,0,46
lan0qng2wbka8a46clt,2023-11-15 21:17:58.224955,9,0,709,91,1917,49,0,2,0,0,0,13,0,46
lan0qng2kk20169ema9,2023-11-15 23:49:09.966342,0,34,425,0,2050,12,0,0,33,0,30,22,5,46
lan0qng21t82q0s39kz,2023-11-16 05:16:38.973084,32,0,0,623,2022,0,0,29,568,616,0,17,0,46
lan0qngat4h4w90go08,2023-11-22 23:38:20.334935,44,32,0,454,1951,28,37,0,825,927,17,13,0,47
lan0qngacu5xuwkb57q,2023-11-23 07:58:18.046081,16,12,0,0,2066,20,0,0,793,580,0,0,0,47
lan0qnga31ayhz4wq01,2023-11-22 20:53:00.341438,1,0,574,0,1653,17,2,0,48,0,0,30,0,47
lan0qnga9qemzwm5qrs,2023-11-22 22:18:09.522959,0,0,49,0,1838,0,36,12,1073,0,45,20,12,47
lan0qngad7f3gwpo5op,2023-11-23 01:06:06.092645,14,19,0,0,1737,0,0,22,635,0,48,29,0,47
lan0qngagmra51cuj4t,2023-11-23 05:59:21.037164,0,29,953,0,1637,47,0,25,49,634,0,1,0,47
lan0qngaceehfn5axd,2023-11-22 20:40:03.961368,42,0,0,0,1618,0,0,0,38,478,49,0,44,47
lan0qngafx8wp1d49q,2023-11-22 18:52:10.443285,0,0,329,573,1786,0,0,0,0,369,0,0,0,47
lan0qnga1edzw0ivz8g,2023-11-23 06:02:10.817894,0,34,668,386,2256,0,0,0,1063,838,0,0,45,47
lan0qngalis2kjc2q7t,2023-11-22 22:26:45.094869,0,0,0,981,2187,0,1,32,0,0,0,32,5,47
lan0qngaoxqx50uyoko,2023-11-23 06:50:59.407945,19,29,781,0,1988,0,0,0,0,0,28,0,0,47
lan0qngai359mfq8h6,2023-11-22 18:06:24.991518,0,0,918,764,1861,36,11,13,0,778,39,0,0,47
lan0qngaryc677dqgr,2023-11-22 21:45:20.600347,0,0,1092,1024,1698,9,42,0,33,717,4,13,0,47
lan0qngap1rtdi95raa,2023-11-23 00:28:11.204541,41,0,32,456,2192,0,3,33,34,645,0,0,0,47
lan0qngaph9vsvs575,2023-11-22 18:27:33.270373,0,0,819,0,2060,0,0,0,0,379,0,0,0,47
lan0qnga8dhbbmyodfm,2023-11-22 18:41:54.750664,7,39,0,951,1888,0,26,0,35,0,20,0,28,47
lan0qngawjjwejrc3z,2023-11-23 00:57:15.084287,5,0,0,0,1685,22,6,18,0,0,0,49,0,47
lan0qnga6xs5inl4ghj,2023-11-23 03:07:01.433100,17,0,5,0,1901,0,0,30,766,771,3,35,0,47
lan0qngare91x40pcfo,2023-11-22 21:50:38.266227,2,23,32,883,1475,0,18,5,644,711,38,0,0,47
lan0qngafs3d5375w1d,2023-11-23 03:20:25.509013,41,6,0,0,1568,22,41,0,44,702,0,0,36,47
lan0qnga12gektzeaw4,2023-11-22 20:43:12.418522,6,0,2,494,2077,0,0,0,36,0,0,0,37,47
lan0qngafp8aw2xhlb6,2023-11-22 20:31:54.160851,5,0,24,0,1945,0,24,0,0,489,0,8,38,47
lan0qngah52wioli1pj,2023-11-22 23:30:26.486521,2,14,30,0,1952,0,43,0,758,920,41,0,34,47
lan0qngazectnl7jsms,2023-11-23 07:28:12.869726,15,30,0,711,1900,9,45,25,0,417,38,0,0,47
lan0qnga942y0zbjn2w,2023-11-22 22:25:38.860908,0,4,444,1039,2151,0,21,1,418,0,0,0,30,47
lan0qnganet32k44rw,2023-11-23 05:06:46.398404,0,0,861,0,2015,0,0,39,376,0,0,0,0,47
lan0qngl1ylll7etw4e,2023-11-30 06:48:00.320792,28,34,279,24,1877,0,20,0,0,121,23,41,0,48
lan0qngl0o0tcdgaq86,2023-11-29 16:18:51.874284,0,0,0,0,1452,0,38,0,25,438,7,0,36,48
lan0qnglvoxszwo111,2023-11-30 06:11:55.106340,25,0,537,0,1372,0,20,0,0,733,30,0,0,48
lan0qngl4uxb69wy21x,2023-11-30 04:35:55.840724,3,0,41,511,1507,27,0,3,731,0,0,0,0,48
lan0qnglbvmc2oatn15,2023-11-29 20:52:55.598219,0,0,0,0,1704,33,23,0,16,652,44,0,42,48
lan0qnglxmr9987q7r,2023-11-29 18:45:07.636935,13,3,0,270,2152,44,39,0,0,0,0,0,12,48
lan0qnglt8zau2m954k,2023-11-29 20:37:11.528973,0,6,0,751,1409,0,30,0,38,581,22,0,0,48
lan0qnglz7ryfff9t9,2023-11-29 20:31:57.294094,14,0,29,0,1750,0,45,0,30,0,0,25,16,48
lan0qnglmln58gul5ma,2023-11-29 16:50:41.161897,0,0,0,0,1431,0,0,0,544,0,0,0,38,48
lan0qngli8dslc9i5a,2023-11-29 18:22:42.889863,0,39,44,0,1493,34,24,16,197,0,0,17,6,48
lan0qnglcuomhqaqio6,2023-11-30 03:57:08.551502,0,32,7,234,1902,11,0,40,0,0,41,0,0,48
lan0qngl1oyy7kjul48,2023-11-29 20:22:57.481960,16,18,28,472,1704,0,47,19,0,0,35,3,0,48
lan0qngl26r98pwgz26,2023-11-30 07:44:29.732141,0,0,0,95,1539,45,22,0,8,418,24,1,17,48
lan0qngw7uyx9xkndy4,2023-12-07 07:30:33.226676,0,0,209,20,1363,0,44,0,121,0,0,7,0,49
lan0qngvjv3p438m7nl,2023-12-07 00:40:20.225554,9,18,77,0,1850,11,15,0,20,0,35,0,31,49
lan0qngvwcnguxr5qd,2023-12-06 17:46:04.153665,10,0,295,163,1248,0,0,0,0,0,0,0,0,49
lan0qngvog09e69bnwg,2023-12-06 18:50:54.411673,0,31,0,0,1354,38,0,23,0,371,0,22,41,49
lan0qngwtwkjn0cnusi,2023-12-06 23:00:46.359558,15,0,194,272,1394,20,26,24,6,11,7,48,9,49
lan0qngwatkuavc1fct,2023-12-06 19:18:13.104113,23,0,0,384,1629,40,0,48,0,498,22,0,33,49
lan0qngvrd2kcgqeryn,2023-12-07 07:26:12.898799,2,8,0,257,1811,0,6,36,31,209,25,48,36,49
lan0qngwngvmz9smam,2023-12-06 18:38:01.873496,0,0,48,0,1345,0,0,0,352,122,0,0,0,49
lan0qngwzctdkg427ip,2023-12-06 20:34:41.419303,47,0,240,0,1655,0,20,14,21,288,20,38,40,49
lan0qngwxi1lx9k0r4m,2023-12-06 21:00:23.601588,0,27,63,102,1659,0,38,0,154,0,4,49,42,49
lan0qngwvmieelw1vo8,2023-12-07 08:22:22.950500,0,0,0,72,1917,0,0,8,39,0,10,40,0,49
lan0qngw8nqexysygk,2023-12-07 05:02:59.037862,0,36,333,473,1945,35,0,0,17,141,27,0,20,49
lan0qngwdpnfmghyooo,2023-12-06 17:05:03.923957,0,18,8,0,1401,0,9,0,103,0,0,33,0,49
lan0qngw6qojjssfv9e,2023-12-06 16:46:23.916003,0,13,24,0,1552,45,0,0,195,179,36,49,48,49
lan0qnh6nit1lj5cbnb,2023-12-14 00:27:39.800140,0,0,0,676,1277,18,11,21,521,0,0,0,0,50
lan0qnh6zf82vi5en3,2023-12-13 16:21:33.587945,6,0,480,496,1883,0,27,0,25,633,18,48,16,50
lan0qnh6f3gp1w4aj8r,2023-12-14 00:41:32.746816,36,34,73,308,1392,27,0,28,75,0,0,0,0,50
lan0qnhihwus10w1xjd,2023-12-20 22:22:58.574159,16,13,663,0,1741,0,0,11,0,458,0,44,0,51
lan0qnhiwbm1t6pk1lp,2023-12-20 18:22:38.919703,0,0,712,0,1251,45,31,43,41,722,0,38,27,51
lan0qnhik31um3hfxpk,2023-12-21 06:35:16.553162,0,2,529,0,1297,0,0,0,557,986,39,0,22,51
lan0qnhiuaurksd2y4f,2023-12-21 00:14:33.567306,0,13,34,548,1103,0,0,0,482,691,0,13,0,51
lan0qnhiamtjatzdyzm,2023-12-20 23:32:14.507196,0,26,428,835,1039,22,47,0,0,595,19,0,21,51
lan0qnhienxey9o7nz6,2023-12-21 06:34:48.797790,18,25,5,736,1192,21,7,36,831,0,0,0,7,51
lan0qnhi8mmtpf31s5e,2023-12-20 19:34:52.918212,0,0,1038,0,1397,7,0,0,0,0,0,47,45,51
lan0qnhiyrvag1vt2gc,2023-12-20 20:50:20.513271,0,39,344,569,1422,9,11,11,688,0,0,17,11,51
lan0qnhit47y0xxzmk,2023-12-21 07:31:41.389316,7,15,1053,0,1042,0,0,33,690,0,5,0,22,51
lan0qnhizzr339ukskb,2023-12-20 18:14:16.129703,17,0,977,1005,1539,0,43,18,8,404,0,0,12,51
lan0qnhit34yqxjtyam,2023-12-21 02:32:54.607417,29,0,343,0,1420,0,0,0,784,0,12,25,41,51
lan0qnhiy9qcopaub7,2023-12-21 06:40:42.225614,2,0,659,0,1276,0,39,0,346,571,0,0,0,51
lan0qnhrhz870o7b494,2023-12-28 04:07:51.584012,4,7,0,0,1145,46,48,25,773,653,0,0,0,52
lan0qnhrotkn91axvr8,2023-12-28 05:46:19.640995,0,49,462,0,1277,0,0,0,0,0,31,42,0,52
lan0qnhr3u7mbk23o4y,2023-12-28 02:53:15.785053,12,3,0,476,1270,22,0,20,423,224,0,0,0,52
lan0qnhrd1npzysqxrw,2023-12-28 04:49:28.914685,0,0,94,594,1311,0,38,0,1,359,32,0,13,52
lan0qnhr4wccg3djcas,2023-12-27 20:17:10.362926,12,0,0,619,1321,0,0,21,6,617,0,34,0,52
lan0qnhrvh4pfmv58y,2023-12-28 00:05:57.698689,0,0,173,118,1387,0,0,0,2,0,0,7,4,52
lan0qnhrm0x9ekub2ba,2023-12-28 06:00:38.546260,7,49,0,0,981,0,0,0,750,91,0,0,38,52
lan0qnhroskv4xd059g,2023-12-27 20:05:58.560318,25,0,0,0,1521,15,0,0,771,309,0,0,29,52
lan0qnhrk0qg1qbvjnf,2023-12-28 06:27:56.160897,0,35,0,0,1149,0,0,0,0,0,48,0,35,52
lan0qnhsxw3rag81ifa,2023-12-28 08:47:39.662910,0,0,27,0,1658,0,0,36,534,25,0,46,15,52
lan0qnhrsqdv0mgnk4r,2023-12-28 05:28:02.976439,10,0,0,0,1372,0,0,0,0,0,37,2,0,52
lan0qnhsmw0y1jr42ho,2023-12-27 18:53:30.037302,1,15,0,122,1001,0,13,10,407,0,0,0,34,52
lan0qnhsy3f6nxc889,2023-12-27 21:34:04.085399,0,27,0,0,1668,0,18,35,182,0,45,0,35,52
lan0qnhs3cb82mohv9d,2023-12-27 17:45:45.328020,37,0,573,0,1660,4,25,0,0,98,19,9,0,52
lan0qnhs9ihadwhi6gv,2023-12-27 19:41:49.481456,0,0,207,0,1040,0,32,16,206,305,0,40,1,52
lan0qnhskj9wa5l1u7b,2023-12-27 21:02:14.804885,26,0,391,407,1662,34,0,1,36,0,37,0,48,52
lan0qnhslbmtmae2qyb,2023-12-28 00:51:53.545558,0,47,217,782,1521,0,0,0,40,0,9,4,0,52
lan0qnhs5iqvjxfv35i,2023-12-27 19:59:29.695365,0,0,7,713,1070,0,7,38,692,168,39,0,0,52
lan0qnhrgr3m223o796,2023-12-27 21:43:18.705277,0,2,537,0,1524,17,0,0,776,0,1,40,1,52
lan0qnhrczhugumempp,2023-12-28 08:43:56.210808,42,47,49,483,1482,0,0,0,0,0,0,0,0,52
